group	fill	x	y	subgroup	tooltip	showSelected1
2	#E68613	157	952.5	1	73	73
2	#E68613	156.5	953	1	73	73
2	#E68613	156.5	954	1	73	73
2	#E68613	158	955.5	1	73	73
2	#E68613	164	955.5	1	73	73
2	#E68613	166.5	953	1	73	73
2	#E68613	166.5	951	1	73	73
2	#E68613	165.5	950	1	73	73
2	#E68613	166.5	949	1	73	73
2	#E68613	166.5	947	1	73	73
2	#E68613	166	946.5	1	73	73
2	#E68613	165	946.5	1	73	73
2	#E68613	164	947.5	1	73	73
2	#E68613	163	946.5	1	73	73
2	#E68613	161.5	948	1	73	73
2	#E68613	161.5	951	1	73	73
2	#E68613	162.5	952	1	73	73
2	#E68613	160	954.5	1	73	73
2	#E68613	159.5	954	1	73	73
2	#E68613	159.5	951	1	73	73
2	#E68613	159	950.5	1	73	73
2	#E68613	157	952.5	1	73	73
2	#E68613	163	959.5	2	73	73
2	#E68613	162.5	960	2	73	73
2	#E68613	163	960.5	2	73	73
2	#E68613	163.5	960	2	73	73
2	#E68613	163	959.5	2	73	73
2	#E68613	166	959.5	3	73	73
2	#E68613	165.5	960	3	73	73
2	#E68613	166	960.5	3	73	73
2	#E68613	167	960.5	3	73	73
2	#E68613	169.5	963	3	73	73
2	#E68613	168.5	964	3	73	73
2	#E68613	168.5	966	3	73	73
2	#E68613	175	972.5	3	73	73
2	#E68613	176	971.5	3	73	73
2	#E68613	176.5	972	3	73	73
2	#E68613	175.5	973	3	73	73
2	#E68613	185	982.5	3	73	73
2	#E68613	186	981.5	3	73	73
2	#E68613	187	981.5	3	73	73
2	#E68613	188	982.5	3	73	73
2	#E68613	190.5	980	3	73	73
2	#E68613	190.5	979	3	73	73
2	#E68613	189	977.5	3	73	73
2	#E68613	188	978.5	3	73	73
2	#E68613	187.5	978	3	73	73
2	#E68613	187.5	976	3	73	73
2	#E68613	188	975.5	3	73	73
2	#E68613	189	975.5	3	73	73
2	#E68613	190	976.5	3	73	73
2	#E68613	190.5	976	3	73	73
2	#E68613	190.5	974	3	73	73
2	#E68613	189	972.5	3	73	73
2	#E68613	188	972.5	3	73	73
2	#E68613	187.5	972	3	73	73
2	#E68613	187.5	970	3	73	73
2	#E68613	187	969.5	3	73	73
2	#E68613	186	970.5	3	73	73
2	#E68613	184.5	969	3	73	73
2	#E68613	185	968.5	3	73	73
2	#E68613	186	968.5	3	73	73
2	#E68613	187.5	967	3	73	73
2	#E68613	187.5	965	3	73	73
2	#E68613	188	964.5	3	73	73
2	#E68613	189	964.5	3	73	73
2	#E68613	190	963.5	3	73	73
2	#E68613	192	963.5	3	73	73
2	#E68613	192.5	964	3	73	73
2	#E68613	192.5	965	3	73	73
2	#E68613	191.5	966	3	73	73
2	#E68613	192.5	967	3	73	73
2	#E68613	190.5	969	3	73	73
2	#E68613	191.5	970	3	73	73
2	#E68613	191.5	971	3	73	73
2	#E68613	193	972.5	3	73	73
2	#E68613	194	972.5	3	73	73
2	#E68613	195	971.5	3	73	73
2	#E68613	197	973.5	3	73	73
2	#E68613	198	973.5	3	73	73
2	#E68613	199	972.5	3	73	73
2	#E68613	199.5	973	3	73	73
2	#E68613	199.5	975	3	73	73
2	#E68613	199	975.5	3	73	73
2	#E68613	198	974.5	3	73	73
2	#E68613	197	975.5	3	73	73
2	#E68613	196	975.5	3	73	73
2	#E68613	195.5	976	3	73	73
2	#E68613	195.5	977	3	73	73
2	#E68613	195	977.5	3	73	73
2	#E68613	194.5	977	3	73	73
2	#E68613	194.5	975	3	73	73
2	#E68613	195.5	974	3	73	73
2	#E68613	195	973.5	3	73	73
2	#E68613	194	973.5	3	73	73
2	#E68613	193.5	974	3	73	73
2	#E68613	193.5	975	3	73	73
2	#E68613	193	975.5	3	73	73
2	#E68613	192	974.5	3	73	73
2	#E68613	191.5	975	3	73	73
2	#E68613	191.5	976	3	73	73
2	#E68613	190.5	977	3	73	73
2	#E68613	191	977.5	3	73	73
2	#E68613	192	977.5	3	73	73
2	#E68613	193	978.5	3	73	73
2	#E68613	194	978.5	3	73	73
2	#E68613	194.5	979	3	73	73
2	#E68613	194	979.5	3	73	73
2	#E68613	192	979.5	3	73	73
2	#E68613	191.5	980	3	73	73
2	#E68613	191.5	981	3	73	73
2	#E68613	192	981.5	3	73	73
2	#E68613	194	981.5	3	73	73
2	#E68613	194.5	982	3	73	73
2	#E68613	194.5	983	3	73	73
2	#E68613	196.5	985	3	73	73
2	#E68613	195	986.5	3	73	73
2	#E68613	194	985.5	3	73	73
2	#E68613	193	986.5	3	73	73
2	#E68613	191	986.5	3	73	73
2	#E68613	190.5	987	3	73	73
2	#E68613	191.5	988	3	73	73
2	#E68613	191.5	989	3	73	73
2	#E68613	201	998.5	3	73	73
2	#E68613	203	998.5	3	73	73
2	#E68613	203.5	998	3	73	73
2	#E68613	203.5	997	3	73	73
2	#E68613	204	996.5	3	73	73
2	#E68613	205	996.5	3	73	73
2	#E68613	205.5	996	3	73	73
2	#E68613	203.5	994	3	73	73
2	#E68613	204	993.5	3	73	73
2	#E68613	205	993.5	3	73	73
2	#E68613	205.5	993	3	73	73
2	#E68613	205	992.5	3	73	73
2	#E68613	204	992.5	3	73	73
2	#E68613	203	991.5	3	73	73
2	#E68613	202	991.5	3	73	73
2	#E68613	201	992.5	3	73	73
2	#E68613	200	991.5	3	73	73
2	#E68613	199	992.5	3	73	73
2	#E68613	198.5	992	3	73	73
2	#E68613	198.5	991	3	73	73
2	#E68613	200.5	989	3	73	73
2	#E68613	200	988.5	3	73	73
2	#E68613	198	988.5	3	73	73
2	#E68613	197	989.5	3	73	73
2	#E68613	196	988.5	3	73	73
2	#E68613	195	988.5	3	73	73
2	#E68613	194.5	988	3	73	73
2	#E68613	195	987.5	3	73	73
2	#E68613	197	987.5	3	73	73
2	#E68613	198	986.5	3	73	73
2	#E68613	199	987.5	3	73	73
2	#E68613	202	987.5	3	73	73
2	#E68613	202.5	988	3	73	73
2	#E68613	202.5	989	3	73	73
2	#E68613	204	990.5	3	73	73
2	#E68613	204.5	990	3	73	73
2	#E68613	204.5	989	3	73	73
2	#E68613	206	987.5	3	73	73
2	#E68613	206.5	988	3	73	73
2	#E68613	206.5	991	3	73	73
2	#E68613	208	992.5	3	73	73
2	#E68613	208.5	992	3	73	73
2	#E68613	208.5	991	3	73	73
2	#E68613	207.5	990	3	73	73
2	#E68613	207.5	989	3	73	73
2	#E68613	208	988.5	3	73	73
2	#E68613	209	988.5	3	73	73
2	#E68613	209.5	989	3	73	73
2	#E68613	209.5	990	3	73	73
2	#E68613	210	990.5	3	73	73
2	#E68613	211	990.5	3	73	73
2	#E68613	212	991.5	3	73	73
2	#E68613	213	991.5	3	73	73
2	#E68613	213.5	992	3	73	73
2	#E68613	213	992.5	3	73	73
2	#E68613	212	992.5	3	73	73
2	#E68613	211.5	993	3	73	73
2	#E68613	212.5	994	3	73	73
2	#E68613	212.5	997	3	73	73
2	#E68613	213	997.5	3	73	73
2	#E68613	218.5	992	3	73	73
2	#E68613	218	991.5	3	73	73
2	#E68613	216	993.5	3	73	73
2	#E68613	214.5	992	3	73	73
2	#E68613	214.5	991	3	73	73
2	#E68613	213.5	990	3	73	73
2	#E68613	214.5	989	3	73	73
2	#E68613	214	988.5	3	73	73
2	#E68613	213	988.5	3	73	73
2	#E68613	212	989.5	3	73	73
2	#E68613	210.5	988	3	73	73
2	#E68613	210.5	987	3	73	73
2	#E68613	210	986.5	3	73	73
2	#E68613	209	987.5	3	73	73
2	#E68613	207.5	986	3	73	73
2	#E68613	207.5	984	3	73	73
2	#E68613	207	983.5	3	73	73
2	#E68613	206	984.5	3	73	73
2	#E68613	205.5	984	3	73	73
2	#E68613	205.5	983	3	73	73
2	#E68613	206	982.5	3	73	73
2	#E68613	207	982.5	3	73	73
2	#E68613	207.5	982	3	73	73
2	#E68613	205.5	980	3	73	73
2	#E68613	207	978.5	3	73	73
2	#E68613	207.5	979	3	73	73
2	#E68613	207.5	980	3	73	73
2	#E68613	208.5	981	3	73	73
2	#E68613	208.5	985	3	73	73
2	#E68613	209	985.5	3	73	73
2	#E68613	209.5	985	3	73	73
2	#E68613	209.5	984	3	73	73
2	#E68613	210	983.5	3	73	73
2	#E68613	211	983.5	3	73	73
2	#E68613	211.5	983	3	73	73
2	#E68613	211.5	981	3	73	73
2	#E68613	212	980.5	3	73	73
2	#E68613	213	980.5	3	73	73
2	#E68613	213.5	980	3	73	73
2	#E68613	212.5	979	3	73	73
2	#E68613	213	978.5	3	73	73
2	#E68613	214	978.5	3	73	73
2	#E68613	215	977.5	3	73	73
2	#E68613	216	977.5	3	73	73
2	#E68613	217	978.5	3	73	73
2	#E68613	218.5	977	3	73	73
2	#E68613	218.5	974	3	73	73
2	#E68613	219.5	973	3	73	73
2	#E68613	219.5	972	3	73	73
2	#E68613	217.5	970	3	73	73
2	#E68613	217.5	969	3	73	73
2	#E68613	218	968.5	3	73	73
2	#E68613	219	969.5	3	73	73
2	#E68613	220	969.5	3	73	73
2	#E68613	220.5	970	3	73	73
2	#E68613	220.5	972	3	73	73
2	#E68613	221	972.5	3	73	73
2	#E68613	222	971.5	3	73	73
2	#E68613	224	973.5	3	73	73
2	#E68613	225	972.5	3	73	73
2	#E68613	225.5	973	3	73	73
2	#E68613	225.5	974	3	73	73
2	#E68613	225	974.5	3	73	73
2	#E68613	223	974.5	3	73	73
2	#E68613	222.5	975	3	73	73
2	#E68613	222.5	976	3	73	73
2	#E68613	222	976.5	3	73	73
2	#E68613	221	975.5	3	73	73
2	#E68613	220	975.5	3	73	73
2	#E68613	219.5	976	3	73	73
2	#E68613	219.5	978	3	73	73
2	#E68613	220	978.5	3	73	73
2	#E68613	221	977.5	3	73	73
2	#E68613	222	977.5	3	73	73
2	#E68613	222.5	978	3	73	73
2	#E68613	220.5	980	3	73	73
2	#E68613	220.5	981	3	73	73
2	#E68613	219.5	982	3	73	73
2	#E68613	220	982.5	3	73	73
2	#E68613	221	982.5	3	73	73
2	#E68613	221.5	983	3	73	73
2	#E68613	220.5	984	3	73	73
2	#E68613	222.5	986	3	73	73
2	#E68613	222	986.5	3	73	73
2	#E68613	221	986.5	3	73	73
2	#E68613	220	985.5	3	73	73
2	#E68613	218	987.5	3	73	73
2	#E68613	217	987.5	3	73	73
2	#E68613	216.5	988	3	73	73
2	#E68613	216.5	989	3	73	73
2	#E68613	217	989.5	3	73	73
2	#E68613	218	988.5	3	73	73
2	#E68613	218.5	989	3	73	73
2	#E68613	218.5	990	3	73	73
2	#E68613	219	990.5	3	73	73
2	#E68613	220	990.5	3	73	73
2	#E68613	248.5	962	3	73	73
2	#E68613	248.5	959	3	73	73
2	#E68613	247	957.5	3	73	73
2	#E68613	246	958.5	3	73	73
2	#E68613	244	958.5	3	73	73
2	#E68613	242.5	960	3	73	73
2	#E68613	242.5	961	3	73	73
2	#E68613	242	961.5	3	73	73
2	#E68613	241.5	961	3	73	73
2	#E68613	241.5	958	3	73	73
2	#E68613	241	957.5	3	73	73
2	#E68613	239	957.5	3	73	73
2	#E68613	237.5	956	3	73	73
2	#E68613	239	954.5	3	73	73
2	#E68613	240	954.5	3	73	73
2	#E68613	243	957.5	3	73	73
2	#E68613	245	955.5	3	73	73
2	#E68613	246	955.5	3	73	73
2	#E68613	246.5	955	3	73	73
2	#E68613	245.5	954	3	73	73
2	#E68613	246.5	953	3	73	73
2	#E68613	246	952.5	3	73	73
2	#E68613	245	952.5	3	73	73
2	#E68613	244	953.5	3	73	73
2	#E68613	243.5	953	3	73	73
2	#E68613	243.5	952	3	73	73
2	#E68613	242	950.5	3	73	73
2	#E68613	239	950.5	3	73	73
2	#E68613	238.5	951	3	73	73
2	#E68613	238.5	952	3	73	73
2	#E68613	237	953.5	3	73	73
2	#E68613	236	952.5	3	73	73
2	#E68613	235	953.5	3	73	73
2	#E68613	233.5	952	3	73	73
2	#E68613	234.5	951	3	73	73
2	#E68613	234.5	950	3	73	73
2	#E68613	235	949.5	3	73	73
2	#E68613	235.5	950	3	73	73
2	#E68613	235.5	951	3	73	73
2	#E68613	236	951.5	3	73	73
2	#E68613	238	949.5	3	73	73
2	#E68613	241	949.5	3	73	73
2	#E68613	241.5	949	3	73	73
2	#E68613	241.5	948	3	73	73
2	#E68613	243	946.5	3	73	73
2	#E68613	244	947.5	3	73	73
2	#E68613	246	947.5	3	73	73
2	#E68613	247.5	946	3	73	73
2	#E68613	231	929.5	3	73	73
2	#E68613	229	929.5	3	73	73
2	#E68613	228.5	930	3	73	73
2	#E68613	228.5	931	3	73	73
2	#E68613	228	931.5	3	73	73
2	#E68613	227.5	931	3	73	73
2	#E68613	227.5	930	3	73	73
2	#E68613	227	929.5	3	73	73
2	#E68613	226	929.5	3	73	73
2	#E68613	225	928.5	3	73	73
2	#E68613	224	928.5	3	73	73
2	#E68613	223.5	928	3	73	73
2	#E68613	224	927.5	3	73	73
2	#E68613	225	927.5	3	73	73
2	#E68613	225.5	927	3	73	73
2	#E68613	224.5	926	3	73	73
2	#E68613	224.5	925	3	73	73
2	#E68613	223.5	924	3	73	73
2	#E68613	224.5	923	3	73	73
2	#E68613	223	921.5	3	73	73
2	#E68613	221	921.5	3	73	73
2	#E68613	220	920.5	3	73	73
2	#E68613	219	920.5	3	73	73
2	#E68613	218.5	920	3	73	73
2	#E68613	219.5	919	3	73	73
2	#E68613	219.5	918	3	73	73
2	#E68613	219	917.5	3	73	73
2	#E68613	218	918.5	3	73	73
2	#E68613	217.5	918	3	73	73
2	#E68613	217.5	917	3	73	73
2	#E68613	217	916.5	3	73	73
2	#E68613	216.5	917	3	73	73
2	#E68613	216.5	919	3	73	73
2	#E68613	216	919.5	3	73	73
2	#E68613	215.5	919	3	73	73
2	#E68613	215.5	917	3	73	73
2	#E68613	215	916.5	3	73	73
2	#E68613	214.5	917	3	73	73
2	#E68613	214.5	920	3	73	73
2	#E68613	215	920.5	3	73	73
2	#E68613	217	920.5	3	73	73
2	#E68613	218.5	922	3	73	73
2	#E68613	218	922.5	3	73	73
2	#E68613	217	922.5	3	73	73
2	#E68613	216	923.5	3	73	73
2	#E68613	215.5	923	3	73	73
2	#E68613	215.5	922	3	73	73
2	#E68613	215	921.5	3	73	73
2	#E68613	214.5	922	3	73	73
2	#E68613	214.5	924	3	73	73
2	#E68613	214	924.5	3	73	73
2	#E68613	213	924.5	3	73	73
2	#E68613	212	923.5	3	73	73
2	#E68613	211	924.5	3	73	73
2	#E68613	210.5	924	3	73	73
2	#E68613	210.5	921	3	73	73
2	#E68613	210	920.5	3	73	73
2	#E68613	209	921.5	3	73	73
2	#E68613	208	920.5	3	73	73
2	#E68613	207.5	921	3	73	73
2	#E68613	207.5	922	3	73	73
2	#E68613	206	923.5	3	73	73
2	#E68613	205	922.5	3	73	73
2	#E68613	204	922.5	3	73	73
2	#E68613	203	921.5	3	73	73
2	#E68613	202	922.5	3	73	73
2	#E68613	201	921.5	3	73	73
2	#E68613	200	921.5	3	73	73
2	#E68613	199	920.5	3	73	73
2	#E68613	198	920.5	3	73	73
2	#E68613	197.5	921	3	73	73
2	#E68613	197.5	922	3	73	73
2	#E68613	197	922.5	3	73	73
2	#E68613	196	922.5	3	73	73
2	#E68613	194.5	924	3	73	73
2	#E68613	194.5	926	3	73	73
2	#E68613	193	927.5	3	73	73
2	#E68613	192	926.5	3	73	73
2	#E68613	191.5	927	3	73	73
2	#E68613	191.5	929	3	73	73
2	#E68613	192	929.5	3	73	73
2	#E68613	193	929.5	3	73	73
2	#E68613	194.5	931	3	73	73
2	#E68613	194.5	933	3	73	73
2	#E68613	192	935.5	3	73	73
2	#E68613	191	935.5	3	73	73
2	#E68613	190	936.5	3	73	73
2	#E68613	189	935.5	3	73	73
2	#E68613	188	935.5	3	73	73
2	#E68613	187.5	935	3	73	73
2	#E68613	187.5	933	3	73	73
2	#E68613	188	932.5	3	73	73
2	#E68613	190	934.5	3	73	73
2	#E68613	190.5	934	3	73	73
2	#E68613	190.5	931	3	73	73
2	#E68613	189.5	930	3	73	73
2	#E68613	190.5	929	3	73	73
2	#E68613	189	927.5	3	73	73
2	#E68613	188	927.5	3	73	73
2	#E68613	187.5	928	3	73	73
2	#E68613	187.5	929	3	73	73
2	#E68613	186.5	930	3	73	73
2	#E68613	186.5	935	3	73	73
2	#E68613	186	935.5	3	73	73
2	#E68613	185.5	935	3	73	73
2	#E68613	185.5	932	3	73	73
2	#E68613	185	931.5	3	73	73
2	#E68613	184.5	932	3	73	73
2	#E68613	184.5	933	3	73	73
2	#E68613	183.5	934	3	73	73
2	#E68613	183.5	936	3	73	73
2	#E68613	183	936.5	3	73	73
2	#E68613	182.5	936	3	73	73
2	#E68613	182.5	935	3	73	73
2	#E68613	182	934.5	3	73	73
2	#E68613	181.5	935	3	73	73
2	#E68613	181.5	937	3	73	73
2	#E68613	181	937.5	3	73	73
2	#E68613	180.5	937	3	73	73
2	#E68613	180.5	934	3	73	73
2	#E68613	180	933.5	3	73	73
2	#E68613	178	933.5	3	73	73
2	#E68613	177.5	934	3	73	73
2	#E68613	177.5	935	3	73	73
2	#E68613	178.5	936	3	73	73
2	#E68613	177.5	937	3	73	73
2	#E68613	177.5	938	3	73	73
2	#E68613	176.5	939	3	73	73
2	#E68613	176.5	940	3	73	73
2	#E68613	177.5	941	3	73	73
2	#E68613	177	941.5	3	73	73
2	#E68613	176	941.5	3	73	73
2	#E68613	175.5	942	3	73	73
2	#E68613	176.5	943	3	73	73
2	#E68613	176.5	945	3	73	73
2	#E68613	177	945.5	3	73	73
2	#E68613	178	945.5	3	73	73
2	#E68613	178.5	945	3	73	73
2	#E68613	177.5	944	3	73	73
2	#E68613	177.5	943	3	73	73
2	#E68613	178	942.5	3	73	73
2	#E68613	179.5	944	3	73	73
2	#E68613	179.5	945	3	73	73
2	#E68613	180	945.5	3	73	73
2	#E68613	181	945.5	3	73	73
2	#E68613	181.5	946	3	73	73
2	#E68613	181	946.5	3	73	73
2	#E68613	180	946.5	3	73	73
2	#E68613	179	947.5	3	73	73
2	#E68613	177	947.5	3	73	73
2	#E68613	176.5	948	3	73	73
2	#E68613	177.5	949	3	73	73
2	#E68613	177.5	951	3	73	73
2	#E68613	176.5	952	3	73	73
2	#E68613	179.5	955	3	73	73
2	#E68613	177.5	957	3	73	73
2	#E68613	177.5	958	3	73	73
2	#E68613	176.5	959	3	73	73
2	#E68613	176.5	962	3	73	73
2	#E68613	177.5	963	3	73	73
2	#E68613	177.5	964	3	73	73
2	#E68613	176	965.5	3	73	73
2	#E68613	175	965.5	3	73	73
2	#E68613	174.5	965	3	73	73
2	#E68613	174.5	962	3	73	73
2	#E68613	175.5	961	3	73	73
2	#E68613	175.5	960	3	73	73
2	#E68613	174.5	959	3	73	73
2	#E68613	175.5	958	3	73	73
2	#E68613	175.5	957	3	73	73
2	#E68613	174.5	956	3	73	73
2	#E68613	174.5	955	3	73	73
2	#E68613	173.5	954	3	73	73
2	#E68613	175.5	952	3	73	73
2	#E68613	175.5	948	3	73	73
2	#E68613	174.5	947	3	73	73
2	#E68613	175.5	946	3	73	73
2	#E68613	175.5	944	3	73	73
2	#E68613	175	943.5	3	73	73
2	#E68613	174	943.5	3	73	73
2	#E68613	172	945.5	3	73	73
2	#E68613	171	944.5	3	73	73
2	#E68613	170	944.5	3	73	73
2	#E68613	168.5	946	3	73	73
2	#E68613	168.5	947	3	73	73
2	#E68613	167.5	948	3	73	73
2	#E68613	167.5	953	3	73	73
2	#E68613	168.5	954	3	73	73
2	#E68613	168.5	955	3	73	73
2	#E68613	167.5	956	3	73	73
2	#E68613	167.5	958	3	73	73
2	#E68613	168	958.5	3	73	73
2	#E68613	169	958.5	3	73	73
2	#E68613	169.5	959	3	73	73
2	#E68613	169	959.5	3	73	73
2	#E68613	166	959.5	3	73	73
2	#E68613	184	946.5	4	73	73
2	#E68613	183.5	947	4	73	73
2	#E68613	185.5	949	4	73	73
2	#E68613	184.5	950	4	73	73
2	#E68613	186	951.5	4	73	73
2	#E68613	187	951.5	4	73	73
2	#E68613	188	950.5	4	73	73
2	#E68613	188.5	951	4	73	73
2	#E68613	188.5	952	4	73	73
2	#E68613	189.5	953	4	73	73
2	#E68613	189.5	954	4	73	73
2	#E68613	190	954.5	4	73	73
2	#E68613	190.5	954	4	73	73
2	#E68613	190.5	951	4	73	73
2	#E68613	191	950.5	4	73	73
2	#E68613	192	951.5	4	73	73
2	#E68613	193	951.5	4	73	73
2	#E68613	193.5	952	4	73	73
2	#E68613	193.5	953	4	73	73
2	#E68613	194	953.5	4	73	73
2	#E68613	195	953.5	4	73	73
2	#E68613	196	954.5	4	73	73
2	#E68613	199	951.5	4	73	73
2	#E68613	201	951.5	4	73	73
2	#E68613	201.5	951	4	73	73
2	#E68613	200.5	950	4	73	73
2	#E68613	200.5	949	4	73	73
2	#E68613	200	948.5	4	73	73
2	#E68613	199	949.5	4	73	73
2	#E68613	197	949.5	4	73	73
2	#E68613	196.5	949	4	73	73
2	#E68613	196.5	948	4	73	73
2	#E68613	197	947.5	4	73	73
2	#E68613	198	947.5	4	73	73
2	#E68613	202	943.5	4	73	73
2	#E68613	203	943.5	4	73	73
2	#E68613	204	944.5	4	73	73
2	#E68613	205.5	943	4	73	73
2	#E68613	204.5	942	4	73	73
2	#E68613	206	940.5	4	73	73
2	#E68613	207	940.5	4	73	73
2	#E68613	207.5	940	4	73	73
2	#E68613	206.5	939	4	73	73
2	#E68613	206.5	934	4	73	73
2	#E68613	205	932.5	4	73	73
2	#E68613	203	934.5	4	73	73
2	#E68613	202	934.5	4	73	73
2	#E68613	201.5	934	4	73	73
2	#E68613	201.5	933	4	73	73
2	#E68613	202.5	932	4	73	73
2	#E68613	202.5	931	4	73	73
2	#E68613	202	930.5	4	73	73
2	#E68613	200	932.5	4	73	73
2	#E68613	199	932.5	4	73	73
2	#E68613	198	931.5	4	73	73
2	#E68613	197	931.5	4	73	73
2	#E68613	195.5	933	4	73	73
2	#E68613	195.5	934	4	73	73
2	#E68613	196.5	935	4	73	73
2	#E68613	196	935.5	4	73	73
2	#E68613	195	935.5	4	73	73
2	#E68613	192	938.5	4	73	73
2	#E68613	190	938.5	4	73	73
2	#E68613	189.5	939	4	73	73
2	#E68613	189.5	940	4	73	73
2	#E68613	190	940.5	4	73	73
2	#E68613	191	939.5	4	73	73
2	#E68613	191.5	940	4	73	73
2	#E68613	191.5	941	4	73	73
2	#E68613	191	941.5	4	73	73
2	#E68613	189	941.5	4	73	73
2	#E68613	188	942.5	4	73	73
2	#E68613	187.5	942	4	73	73
2	#E68613	187.5	941	4	73	73
2	#E68613	187	940.5	4	73	73
2	#E68613	186	940.5	4	73	73
2	#E68613	185.5	941	4	73	73
2	#E68613	186.5	942	4	73	73
2	#E68613	186	942.5	4	73	73
2	#E68613	185	942.5	4	73	73
2	#E68613	184.5	943	4	73	73
2	#E68613	185	943.5	4	73	73
2	#E68613	188	943.5	4	73	73
2	#E68613	188.5	944	4	73	73
2	#E68613	188.5	945	4	73	73
2	#E68613	188	945.5	4	73	73
2	#E68613	187	944.5	4	73	73
2	#E68613	186	944.5	4	73	73
2	#E68613	184	946.5	4	73	73
2	#E68613	187	983.5	5	73	73
2	#E68613	186.5	984	5	73	73
2	#E68613	188	985.5	5	73	73
2	#E68613	189	985.5	5	73	73
2	#E68613	189.5	985	5	73	73
2	#E68613	188	983.5	5	73	73
2	#E68613	187	983.5	5	73	73
2	#E68613	199	970.5	6	73	73
2	#E68613	198.5	971	6	73	73
2	#E68613	199	971.5	6	73	73
2	#E68613	200	971.5	6	73	73
2	#E68613	200.5	972	6	73	73
2	#E68613	200.5	974	6	73	73
2	#E68613	203	976.5	6	73	73
2	#E68613	204.5	975	6	73	73
2	#E68613	204.5	974	6	73	73
2	#E68613	203.5	973	6	73	73
2	#E68613	204	972.5	6	73	73
2	#E68613	205	972.5	6	73	73
2	#E68613	205.5	973	6	73	73
2	#E68613	205.5	974	6	73	73
2	#E68613	206	974.5	6	73	73
2	#E68613	206.5	974	6	73	73
2	#E68613	206.5	973	6	73	73
2	#E68613	207	972.5	6	73	73
2	#E68613	208	972.5	6	73	73
2	#E68613	208.5	972	6	73	73
2	#E68613	208.5	971	6	73	73
2	#E68613	209	970.5	6	73	73
2	#E68613	211	972.5	6	73	73
2	#E68613	212	972.5	6	73	73
2	#E68613	212.5	972	6	73	73
2	#E68613	212.5	971	6	73	73
2	#E68613	213	970.5	6	73	73
2	#E68613	213.5	971	6	73	73
2	#E68613	213.5	974	6	73	73
2	#E68613	214	974.5	6	73	73
2	#E68613	214.5	974	6	73	73
2	#E68613	214.5	973	6	73	73
2	#E68613	215	972.5	6	73	73
2	#E68613	216	973.5	6	73	73
2	#E68613	217	973.5	6	73	73
2	#E68613	217.5	973	6	73	73
2	#E68613	216	971.5	6	73	73
2	#E68613	215	971.5	6	73	73
2	#E68613	214.5	971	6	73	73
2	#E68613	214.5	970	6	73	73
2	#E68613	213.5	969	6	73	73
2	#E68613	213.5	967	6	73	73
2	#E68613	214	966.5	6	73	73
2	#E68613	215.5	968	6	73	73
2	#E68613	215.5	970	6	73	73
2	#E68613	216	970.5	6	73	73
2	#E68613	216.5	970	6	73	73
2	#E68613	216.5	966	6	73	73
2	#E68613	216	965.5	6	73	73
2	#E68613	214	965.5	6	73	73
2	#E68613	213	964.5	6	73	73
2	#E68613	212.5	965	6	73	73
2	#E68613	212.5	966	6	73	73
2	#E68613	212	966.5	6	73	73
2	#E68613	211	966.5	6	73	73
2	#E68613	210.5	966	6	73	73
2	#E68613	210.5	965	6	73	73
2	#E68613	209	963.5	6	73	73
2	#E68613	208	964.5	6	73	73
2	#E68613	207	964.5	6	73	73
2	#E68613	205.5	966	6	73	73
2	#E68613	205.5	967	6	73	73
2	#E68613	204.5	968	6	73	73
2	#E68613	204.5	969	6	73	73
2	#E68613	203.5	970	6	73	73
2	#E68613	203.5	971	6	73	73
2	#E68613	202.5	972	6	73	73
2	#E68613	202.5	973	6	73	73
2	#E68613	202	973.5	6	73	73
2	#E68613	201.5	973	6	73	73
2	#E68613	201.5	970	6	73	73
2	#E68613	201	969.5	6	73	73
2	#E68613	200	969.5	6	73	73
2	#E68613	199	970.5	6	73	73
2	#E68613	204	999.5	7	73	73
2	#E68613	203.5	1000	7	73	73
2	#E68613	204	1000.5	7	73	73
2	#E68613	209	1000.5	7	73	73
2	#E68613	209.5	1000	7	73	73
2	#E68613	207	997.5	7	73	73
2	#E68613	206.5	998	7	73	73
2	#E68613	206.5	999	7	73	73
2	#E68613	206	999.5	7	73	73
2	#E68613	205	998.5	7	73	73
2	#E68613	204	999.5	7	73	73
2	#E68613	207	942.5	8	73	73
2	#E68613	206.5	943	8	73	73
2	#E68613	208	944.5	8	73	73
2	#E68613	209.5	943	8	73	73
2	#E68613	209.5	942	8	73	73
2	#E68613	210	941.5	8	73	73
2	#E68613	210.5	942	8	73	73
2	#E68613	210.5	944	8	73	73
2	#E68613	211	944.5	8	73	73
2	#E68613	212	944.5	8	73	73
2	#E68613	212.5	944	8	73	73
2	#E68613	212.5	943	8	73	73
2	#E68613	213	942.5	8	73	73
2	#E68613	213.5	943	8	73	73
2	#E68613	213.5	944	8	73	73
2	#E68613	214	944.5	8	73	73
2	#E68613	215	944.5	8	73	73
2	#E68613	215.5	944	8	73	73
2	#E68613	215.5	942	8	73	73
2	#E68613	216	941.5	8	73	73
2	#E68613	217	941.5	8	73	73
2	#E68613	218.5	943	8	73	73
2	#E68613	218.5	945	8	73	73
2	#E68613	217.5	946	8	73	73
2	#E68613	218.5	947	8	73	73
2	#E68613	217	948.5	8	73	73
2	#E68613	216.5	948	8	73	73
2	#E68613	216.5	947	8	73	73
2	#E68613	216	946.5	8	73	73
2	#E68613	215	946.5	8	73	73
2	#E68613	214	945.5	8	73	73
2	#E68613	213	946.5	8	73	73
2	#E68613	212	945.5	8	73	73
2	#E68613	211.5	946	8	73	73
2	#E68613	211.5	948	8	73	73
2	#E68613	211	948.5	8	73	73
2	#E68613	209.5	947	8	73	73
2	#E68613	209.5	946	8	73	73
2	#E68613	209	945.5	8	73	73
2	#E68613	208.5	946	8	73	73
2	#E68613	208.5	949	8	73	73
2	#E68613	209	949.5	8	73	73
2	#E68613	214	949.5	8	73	73
2	#E68613	214.5	950	8	73	73
2	#E68613	214	950.5	8	73	73
2	#E68613	212	950.5	8	73	73
2	#E68613	211.5	951	8	73	73
2	#E68613	212	951.5	8	73	73
2	#E68613	213	951.5	8	73	73
2	#E68613	213.5	952	8	73	73
2	#E68613	213.5	954	8	73	73
2	#E68613	215	955.5	8	73	73
2	#E68613	215.5	955	8	73	73
2	#E68613	215.5	954	8	73	73
2	#E68613	214.5	953	8	73	73
2	#E68613	214.5	952	8	73	73
2	#E68613	217	949.5	8	73	73
2	#E68613	217.5	950	8	73	73
2	#E68613	217.5	951	8	73	73
2	#E68613	218	951.5	8	73	73
2	#E68613	220	951.5	8	73	73
2	#E68613	221	952.5	8	73	73
2	#E68613	221.5	952	8	73	73
2	#E68613	221.5	951	8	73	73
2	#E68613	222	950.5	8	73	73
2	#E68613	223	951.5	8	73	73
2	#E68613	223.5	951	8	73	73
2	#E68613	223.5	950	8	73	73
2	#E68613	224.5	949	8	73	73
2	#E68613	224	948.5	8	73	73
2	#E68613	223	948.5	8	73	73
2	#E68613	222.5	948	8	73	73
2	#E68613	223.5	947	8	73	73
2	#E68613	223	946.5	8	73	73
2	#E68613	222	946.5	8	73	73
2	#E68613	221.5	946	8	73	73
2	#E68613	221.5	945	8	73	73
2	#E68613	219.5	943	8	73	73
2	#E68613	219.5	942	8	73	73
2	#E68613	220	941.5	8	73	73
2	#E68613	221	941.5	8	73	73
2	#E68613	221.5	941	8	73	73
2	#E68613	221.5	940	8	73	73
2	#E68613	222	939.5	8	73	73
2	#E68613	223.5	941	8	73	73
2	#E68613	222.5	942	8	73	73
2	#E68613	223.5	943	8	73	73
2	#E68613	222.5	944	8	73	73
2	#E68613	224	945.5	8	73	73
2	#E68613	224.5	945	8	73	73
2	#E68613	224.5	941	8	73	73
2	#E68613	225	940.5	8	73	73
2	#E68613	226	940.5	8	73	73
2	#E68613	227.5	942	8	73	73
2	#E68613	227.5	943	8	73	73
2	#E68613	226.5	944	8	73	73
2	#E68613	228.5	946	8	73	73
2	#E68613	227.5	947	8	73	73
2	#E68613	229	948.5	8	73	73
2	#E68613	230	947.5	8	73	73
2	#E68613	231	947.5	8	73	73
2	#E68613	232	946.5	8	73	73
2	#E68613	233	946.5	8	73	73
2	#E68613	233.5	946	8	73	73
2	#E68613	233	945.5	8	73	73
2	#E68613	232	945.5	8	73	73
2	#E68613	231.5	945	8	73	73
2	#E68613	232	944.5	8	73	73
2	#E68613	235	944.5	8	73	73
2	#E68613	235.5	944	8	73	73
2	#E68613	235.5	942	8	73	73
2	#E68613	235	941.5	8	73	73
2	#E68613	234.5	942	8	73	73
2	#E68613	234.5	943	8	73	73
2	#E68613	234	943.5	8	73	73
2	#E68613	233	943.5	8	73	73
2	#E68613	232.5	943	8	73	73
2	#E68613	232.5	941	8	73	73
2	#E68613	233.5	940	8	73	73
2	#E68613	233.5	939	8	73	73
2	#E68613	232	937.5	8	73	73
2	#E68613	229	937.5	8	73	73
2	#E68613	228.5	937	8	73	73
2	#E68613	230	935.5	8	73	73
2	#E68613	231	936.5	8	73	73
2	#E68613	232.5	935	8	73	73
2	#E68613	232.5	934	8	73	73
2	#E68613	231	932.5	8	73	73
2	#E68613	230	932.5	8	73	73
2	#E68613	229	931.5	8	73	73
2	#E68613	228.5	932	8	73	73
2	#E68613	228.5	934	8	73	73
2	#E68613	228	934.5	8	73	73
2	#E68613	227	933.5	8	73	73
2	#E68613	223	933.5	8	73	73
2	#E68613	222	932.5	8	73	73
2	#E68613	221.5	933	8	73	73
2	#E68613	221.5	935	8	73	73
2	#E68613	222	935.5	8	73	73
2	#E68613	223	934.5	8	73	73
2	#E68613	225	934.5	8	73	73
2	#E68613	227.5	937	8	73	73
2	#E68613	226	938.5	8	73	73
2	#E68613	225	938.5	8	73	73
2	#E68613	224	937.5	8	73	73
2	#E68613	221	937.5	8	73	73
2	#E68613	220	938.5	8	73	73
2	#E68613	219	937.5	8	73	73
2	#E68613	218	937.5	8	73	73
2	#E68613	217.5	937	8	73	73
2	#E68613	217.5	936	8	73	73
2	#E68613	217	935.5	8	73	73
2	#E68613	216.5	936	8	73	73
2	#E68613	216.5	937	8	73	73
2	#E68613	216	937.5	8	73	73
2	#E68613	215	937.5	8	73	73
2	#E68613	214	936.5	8	73	73
2	#E68613	213	936.5	8	73	73
2	#E68613	212.5	936	8	73	73
2	#E68613	213	935.5	8	73	73
2	#E68613	214	935.5	8	73	73
2	#E68613	214.5	935	8	73	73
2	#E68613	214	934.5	8	73	73
2	#E68613	213	934.5	8	73	73
2	#E68613	212.5	934	8	73	73
2	#E68613	213	933.5	8	73	73
2	#E68613	214	933.5	8	73	73
2	#E68613	214.5	933	8	73	73
2	#E68613	214	932.5	8	73	73
2	#E68613	212	932.5	8	73	73
2	#E68613	210.5	934	8	73	73
2	#E68613	210.5	935	8	73	73
2	#E68613	210	935.5	8	73	73
2	#E68613	208	935.5	8	73	73
2	#E68613	207.5	936	8	73	73
2	#E68613	209.5	938	8	73	73
2	#E68613	208.5	939	8	73	73
2	#E68613	208.5	940	8	73	73
2	#E68613	207.5	941	8	73	73
2	#E68613	207.5	942	8	73	73
2	#E68613	207	942.5	8	73	73
2	#E68613	226	924.5	9	73	73
2	#E68613	225.5	925	9	73	73
2	#E68613	226	925.5	9	73	73
2	#E68613	226.5	925	9	73	73
2	#E68613	226	924.5	9	73	73
2	#E68613	228	926.5	10	73	73
2	#E68613	227.5	927	10	73	73
2	#E68613	227.5	928	10	73	73
2	#E68613	228	928.5	10	73	73
2	#E68613	228.5	928	10	73	73
2	#E68613	228.5	927	10	73	73
2	#E68613	228	926.5	10	73	73
2	#E68613	245	948.5	11	73	73
2	#E68613	244.5	949	11	73	73
2	#E68613	245	949.5	11	73	73
2	#E68613	246	949.5	11	73	73
2	#E68613	247	950.5	11	73	73
2	#E68613	249	950.5	11	73	73
2	#E68613	249.5	951	11	73	73
2	#E68613	248.5	952	11	73	73
2	#E68613	248.5	954	11	73	73
2	#E68613	246.5	956	11	73	73
2	#E68613	247	956.5	11	73	73
2	#E68613	248	956.5	11	73	73
2	#E68613	249	957.5	11	73	73
2	#E68613	251.5	955	11	73	73
2	#E68613	251.5	953	11	73	73
2	#E68613	252	952.5	11	73	73
2	#E68613	253	953.5	11	73	73
2	#E68613	253.5	953	11	73	73
2	#E68613	253.5	952	11	73	73
2	#E68613	251	949.5	11	73	73
2	#E68613	250	949.5	11	73	73
2	#E68613	249	948.5	11	73	73
2	#E68613	248	949.5	11	73	73
2	#E68613	247	948.5	11	73	73
2	#E68613	245	948.5	11	73	73
6	#0BB702	159	955.5	1	3148	3148
6	#0BB702	158.5	956	1	3148	3148
6	#0BB702	162	959.5	1	3148	3148
6	#0BB702	163	959.5	1	3148	3148
6	#0BB702	163.5	960	1	3148	3148
6	#0BB702	163.5	961	1	3148	3148
6	#0BB702	168	965.5	1	3148	3148
6	#0BB702	168.5	965	1	3148	3148
6	#0BB702	168.5	964	1	3148	3148
6	#0BB702	169.5	963	1	3148	3148
6	#0BB702	167	960.5	1	3148	3148
6	#0BB702	166	960.5	1	3148	3148
6	#0BB702	165.5	960	1	3148	3148
6	#0BB702	166	959.5	1	3148	3148
6	#0BB702	169	959.5	1	3148	3148
6	#0BB702	169.5	959	1	3148	3148
6	#0BB702	169	958.5	1	3148	3148
6	#0BB702	168	958.5	1	3148	3148
6	#0BB702	167.5	958	1	3148	3148
6	#0BB702	167.5	956	1	3148	3148
6	#0BB702	168.5	955	1	3148	3148
6	#0BB702	168.5	954	1	3148	3148
6	#0BB702	167.5	953	1	3148	3148
6	#0BB702	167.5	948	1	3148	3148
6	#0BB702	168.5	947	1	3148	3148
6	#0BB702	168.5	946	1	3148	3148
6	#0BB702	170	944.5	1	3148	3148
6	#0BB702	171	944.5	1	3148	3148
6	#0BB702	172	945.5	1	3148	3148
6	#0BB702	174	943.5	1	3148	3148
6	#0BB702	175	943.5	1	3148	3148
6	#0BB702	175.5	944	1	3148	3148
6	#0BB702	175.5	946	1	3148	3148
6	#0BB702	174.5	947	1	3148	3148
6	#0BB702	175.5	948	1	3148	3148
6	#0BB702	175.5	952	1	3148	3148
6	#0BB702	173.5	954	1	3148	3148
6	#0BB702	174.5	955	1	3148	3148
6	#0BB702	174.5	956	1	3148	3148
6	#0BB702	175.5	957	1	3148	3148
6	#0BB702	175.5	958	1	3148	3148
6	#0BB702	174.5	959	1	3148	3148
6	#0BB702	175.5	960	1	3148	3148
6	#0BB702	175.5	961	1	3148	3148
6	#0BB702	174.5	962	1	3148	3148
6	#0BB702	174.5	965	1	3148	3148
6	#0BB702	175	965.5	1	3148	3148
6	#0BB702	176	965.5	1	3148	3148
6	#0BB702	177.5	964	1	3148	3148
6	#0BB702	177.5	963	1	3148	3148
6	#0BB702	176.5	962	1	3148	3148
6	#0BB702	176.5	959	1	3148	3148
6	#0BB702	177.5	958	1	3148	3148
6	#0BB702	177.5	957	1	3148	3148
6	#0BB702	179.5	955	1	3148	3148
6	#0BB702	176.5	952	1	3148	3148
6	#0BB702	177.5	951	1	3148	3148
6	#0BB702	177.5	949	1	3148	3148
6	#0BB702	176.5	948	1	3148	3148
6	#0BB702	177	947.5	1	3148	3148
6	#0BB702	179	947.5	1	3148	3148
6	#0BB702	180	946.5	1	3148	3148
6	#0BB702	181	946.5	1	3148	3148
6	#0BB702	181.5	946	1	3148	3148
6	#0BB702	181	945.5	1	3148	3148
6	#0BB702	180	945.5	1	3148	3148
6	#0BB702	179.5	945	1	3148	3148
6	#0BB702	179.5	944	1	3148	3148
6	#0BB702	178	942.5	1	3148	3148
6	#0BB702	177.5	943	1	3148	3148
6	#0BB702	177.5	944	1	3148	3148
6	#0BB702	178.5	945	1	3148	3148
6	#0BB702	178	945.5	1	3148	3148
6	#0BB702	177	945.5	1	3148	3148
6	#0BB702	176.5	945	1	3148	3148
6	#0BB702	176.5	943	1	3148	3148
6	#0BB702	175.5	942	1	3148	3148
6	#0BB702	176	941.5	1	3148	3148
6	#0BB702	177	941.5	1	3148	3148
6	#0BB702	177.5	941	1	3148	3148
6	#0BB702	176.5	940	1	3148	3148
6	#0BB702	176.5	939	1	3148	3148
6	#0BB702	177.5	938	1	3148	3148
6	#0BB702	177.5	937	1	3148	3148
6	#0BB702	178.5	936	1	3148	3148
6	#0BB702	177.5	935	1	3148	3148
6	#0BB702	177.5	934	1	3148	3148
6	#0BB702	178	933.5	1	3148	3148
6	#0BB702	180	933.5	1	3148	3148
6	#0BB702	180.5	934	1	3148	3148
6	#0BB702	180.5	937	1	3148	3148
6	#0BB702	181	937.5	1	3148	3148
6	#0BB702	181.5	937	1	3148	3148
6	#0BB702	181.5	934	1	3148	3148
6	#0BB702	183.5	932	1	3148	3148
6	#0BB702	183.5	931	1	3148	3148
6	#0BB702	185.5	929	1	3148	3148
6	#0BB702	185	928.5	1	3148	3148
6	#0BB702	184	928.5	1	3148	3148
6	#0BB702	183	929.5	1	3148	3148
6	#0BB702	182	929.5	1	3148	3148
6	#0BB702	181.5	929	1	3148	3148
6	#0BB702	182.5	928	1	3148	3148
6	#0BB702	182	927.5	1	3148	3148
6	#0BB702	175.5	934	1	3148	3148
6	#0BB702	175.5	935	1	3148	3148
6	#0BB702	175	935.5	1	3148	3148
6	#0BB702	174	935.5	1	3148	3148
6	#0BB702	173.5	936	1	3148	3148
6	#0BB702	175.5	938	1	3148	3148
6	#0BB702	175.5	940	1	3148	3148
6	#0BB702	175	940.5	1	3148	3148
6	#0BB702	173	938.5	1	3148	3148
6	#0BB702	172.5	939	1	3148	3148
6	#0BB702	172.5	943	1	3148	3148
6	#0BB702	172	943.5	1	3148	3148
6	#0BB702	168	943.5	1	3148	3148
6	#0BB702	167	942.5	1	3148	3148
6	#0BB702	163.5	946	1	3148	3148
6	#0BB702	163.5	947	1	3148	3148
6	#0BB702	164	947.5	1	3148	3148
6	#0BB702	165	946.5	1	3148	3148
6	#0BB702	166	946.5	1	3148	3148
6	#0BB702	166.5	947	1	3148	3148
6	#0BB702	166.5	949	1	3148	3148
6	#0BB702	165.5	950	1	3148	3148
6	#0BB702	166.5	951	1	3148	3148
6	#0BB702	166.5	953	1	3148	3148
6	#0BB702	164	955.5	1	3148	3148
6	#0BB702	159	955.5	1	3148	3148
6	#0BB702	160	949.5	2	3148	3148
6	#0BB702	159.5	950	2	3148	3148
6	#0BB702	159.5	954	2	3148	3148
6	#0BB702	160	954.5	2	3148	3148
6	#0BB702	162.5	952	2	3148	3148
6	#0BB702	161.5	951	2	3148	3148
6	#0BB702	161.5	949	2	3148	3148
6	#0BB702	161	948.5	2	3148	3148
6	#0BB702	160	949.5	2	3148	3148
6	#0BB702	169	940.5	3	3148	3148
6	#0BB702	168.5	941	3	3148	3148
6	#0BB702	168.5	942	3	3148	3148
6	#0BB702	169	942.5	3	3148	3148
6	#0BB702	170	941.5	3	3148	3148
6	#0BB702	171	941.5	3	3148	3148
6	#0BB702	171.5	941	3	3148	3148
6	#0BB702	170	939.5	3	3148	3148
6	#0BB702	169	940.5	3	3148	3148
14	#ED68ED	168	941.5	1	6444	6444
14	#ED68ED	167.5	942	1	6444	6444
14	#ED68ED	167.5	943	1	6444	6444
14	#ED68ED	168	943.5	1	6444	6444
14	#ED68ED	172	943.5	1	6444	6444
14	#ED68ED	172.5	943	1	6444	6444
14	#ED68ED	172.5	939	1	6444	6444
14	#ED68ED	173	938.5	1	6444	6444
14	#ED68ED	175	940.5	1	6444	6444
14	#ED68ED	175.5	940	1	6444	6444
14	#ED68ED	175.5	938	1	6444	6444
14	#ED68ED	174	936.5	1	6444	6444
14	#ED68ED	173	936.5	1	6444	6444
14	#ED68ED	170.5	939	1	6444	6444
14	#ED68ED	170.5	940	1	6444	6444
14	#ED68ED	171.5	941	1	6444	6444
14	#ED68ED	171	941.5	1	6444	6444
14	#ED68ED	170	941.5	1	6444	6444
14	#ED68ED	169	942.5	1	6444	6444
14	#ED68ED	168	941.5	1	6444	6444
14	#ED68ED	175	934.5	2	6444	6444
14	#ED68ED	174.5	935	2	6444	6444
14	#ED68ED	175	935.5	2	6444	6444
14	#ED68ED	175.5	935	2	6444	6444
14	#ED68ED	175	934.5	2	6444	6444
15	#FF61CC	182	928.5	1	6636	6636
15	#FF61CC	181.5	929	1	6636	6636
15	#FF61CC	182	929.5	1	6636	6636
15	#FF61CC	183	929.5	1	6636	6636
15	#FF61CC	184	928.5	1	6636	6636
15	#FF61CC	185	928.5	1	6636	6636
15	#FF61CC	185.5	929	1	6636	6636
15	#FF61CC	183.5	931	1	6636	6636
15	#FF61CC	183.5	932	1	6636	6636
15	#FF61CC	181.5	934	1	6636	6636
15	#FF61CC	182.5	935	1	6636	6636
15	#FF61CC	182.5	936	1	6636	6636
15	#FF61CC	183	936.5	1	6636	6636
15	#FF61CC	183.5	936	1	6636	6636
15	#FF61CC	183.5	934	1	6636	6636
15	#FF61CC	184.5	933	1	6636	6636
15	#FF61CC	184.5	932	1	6636	6636
15	#FF61CC	185	931.5	1	6636	6636
15	#FF61CC	185.5	932	1	6636	6636
15	#FF61CC	185.5	935	1	6636	6636
15	#FF61CC	186	935.5	1	6636	6636
15	#FF61CC	186.5	935	1	6636	6636
15	#FF61CC	186.5	930	1	6636	6636
15	#FF61CC	187.5	929	1	6636	6636
15	#FF61CC	187.5	928	1	6636	6636
15	#FF61CC	188	927.5	1	6636	6636
15	#FF61CC	189	927.5	1	6636	6636
15	#FF61CC	190.5	929	1	6636	6636
15	#FF61CC	189.5	930	1	6636	6636
15	#FF61CC	190.5	931	1	6636	6636
15	#FF61CC	190.5	934	1	6636	6636
15	#FF61CC	190	934.5	1	6636	6636
15	#FF61CC	188	932.5	1	6636	6636
15	#FF61CC	187.5	933	1	6636	6636
15	#FF61CC	187.5	935	1	6636	6636
15	#FF61CC	188	935.5	1	6636	6636
15	#FF61CC	189	935.5	1	6636	6636
15	#FF61CC	190	936.5	1	6636	6636
15	#FF61CC	191	935.5	1	6636	6636
15	#FF61CC	192	935.5	1	6636	6636
15	#FF61CC	194.5	933	1	6636	6636
15	#FF61CC	194.5	931	1	6636	6636
15	#FF61CC	193	929.5	1	6636	6636
15	#FF61CC	192	929.5	1	6636	6636
15	#FF61CC	191.5	929	1	6636	6636
15	#FF61CC	191.5	927	1	6636	6636
15	#FF61CC	192	926.5	1	6636	6636
15	#FF61CC	193	927.5	1	6636	6636
15	#FF61CC	194.5	926	1	6636	6636
15	#FF61CC	194.5	924	1	6636	6636
15	#FF61CC	196	922.5	1	6636	6636
15	#FF61CC	197	922.5	1	6636	6636
15	#FF61CC	197.5	922	1	6636	6636
15	#FF61CC	197.5	920	1	6636	6636
15	#FF61CC	197	919.5	1	6636	6636
15	#FF61CC	196.5	920	1	6636	6636
15	#FF61CC	196.5	921	1	6636	6636
15	#FF61CC	196	921.5	1	6636	6636
15	#FF61CC	195.5	921	1	6636	6636
15	#FF61CC	195.5	920	1	6636	6636
15	#FF61CC	195	919.5	1	6636	6636
15	#FF61CC	194	920.5	1	6636	6636
15	#FF61CC	193	920.5	1	6636	6636
15	#FF61CC	192.5	921	1	6636	6636
15	#FF61CC	192.5	922	1	6636	6636
15	#FF61CC	191	923.5	1	6636	6636
15	#FF61CC	190	923.5	1	6636	6636
15	#FF61CC	189	924.5	1	6636	6636
15	#FF61CC	188.5	924	1	6636	6636
15	#FF61CC	188.5	923	1	6636	6636
15	#FF61CC	188	922.5	1	6636	6636
15	#FF61CC	187	922.5	1	6636	6636
15	#FF61CC	185.5	924	1	6636	6636
15	#FF61CC	185.5	926	1	6636	6636
15	#FF61CC	184	927.5	1	6636	6636
15	#FF61CC	183	927.5	1	6636	6636
15	#FF61CC	182	928.5	1	6636	6636
1	#F8766D	183	926.5	1	25	25
1	#F8766D	182.5	927	1	25	25
1	#F8766D	183	927.5	1	25	25
1	#F8766D	184	927.5	1	25	25
1	#F8766D	185.5	926	1	25	25
1	#F8766D	185.5	925	1	25	25
1	#F8766D	185	924.5	1	25	25
1	#F8766D	183	926.5	1	25	25
1	#F8766D	188	921.5	2	25	25
1	#F8766D	187.5	922	2	25	25
1	#F8766D	188.5	923	2	25	25
1	#F8766D	188.5	924	2	25	25
1	#F8766D	189	924.5	2	25	25
1	#F8766D	190	923.5	2	25	25
1	#F8766D	191	923.5	2	25	25
1	#F8766D	192.5	922	2	25	25
1	#F8766D	192.5	921	2	25	25
1	#F8766D	193	920.5	2	25	25
1	#F8766D	194	920.5	2	25	25
1	#F8766D	194.5	920	2	25	25
1	#F8766D	194	919.5	2	25	25
1	#F8766D	193	919.5	2	25	25
1	#F8766D	192	918.5	2	25	25
1	#F8766D	191	918.5	2	25	25
1	#F8766D	188	921.5	2	25	25
1	#F8766D	202	915.5	3	25	25
1	#F8766D	201.5	916	3	25	25
1	#F8766D	202	916.5	3	25	25
1	#F8766D	206	916.5	3	25	25
1	#F8766D	208.5	914	3	25	25
1	#F8766D	208	913.5	3	25	25
1	#F8766D	207	913.5	3	25	25
1	#F8766D	206.5	913	3	25	25
1	#F8766D	207.5	912	3	25	25
1	#F8766D	207.5	909	3	25	25
1	#F8766D	207	908.5	3	25	25
1	#F8766D	205	910.5	3	25	25
1	#F8766D	204.5	910	3	25	25
1	#F8766D	204.5	906	3	25	25
1	#F8766D	204	905.5	3	25	25
1	#F8766D	202.5	907	3	25	25
1	#F8766D	202.5	908	3	25	25
1	#F8766D	203.5	909	3	25	25
1	#F8766D	203.5	911	3	25	25
1	#F8766D	204.5	912	3	25	25
1	#F8766D	203.5	913	3	25	25
1	#F8766D	203.5	914	3	25	25
1	#F8766D	204.5	915	3	25	25
1	#F8766D	204	915.5	3	25	25
1	#F8766D	202	915.5	3	25	25
12	#8494FF	184	946.5	1	6106	6106
12	#8494FF	183.5	947	1	6106	6106
12	#8494FF	185.5	949	1	6106	6106
12	#8494FF	184.5	950	1	6106	6106
12	#8494FF	186	951.5	1	6106	6106
12	#8494FF	187	951.5	1	6106	6106
12	#8494FF	188	950.5	1	6106	6106
12	#8494FF	188.5	951	1	6106	6106
12	#8494FF	188.5	952	1	6106	6106
12	#8494FF	189.5	953	1	6106	6106
12	#8494FF	189.5	954	1	6106	6106
12	#8494FF	190	954.5	1	6106	6106
12	#8494FF	190.5	954	1	6106	6106
12	#8494FF	190.5	951	1	6106	6106
12	#8494FF	191	950.5	1	6106	6106
12	#8494FF	192	951.5	1	6106	6106
12	#8494FF	193	951.5	1	6106	6106
12	#8494FF	193.5	952	1	6106	6106
12	#8494FF	193.5	953	1	6106	6106
12	#8494FF	194	953.5	1	6106	6106
12	#8494FF	195	953.5	1	6106	6106
12	#8494FF	196	954.5	1	6106	6106
12	#8494FF	199	951.5	1	6106	6106
12	#8494FF	201	951.5	1	6106	6106
12	#8494FF	201.5	951	1	6106	6106
12	#8494FF	200.5	950	1	6106	6106
12	#8494FF	200.5	949	1	6106	6106
12	#8494FF	200	948.5	1	6106	6106
12	#8494FF	199	949.5	1	6106	6106
12	#8494FF	197	949.5	1	6106	6106
12	#8494FF	196.5	949	1	6106	6106
12	#8494FF	196.5	948	1	6106	6106
12	#8494FF	197	947.5	1	6106	6106
12	#8494FF	198	947.5	1	6106	6106
12	#8494FF	202	943.5	1	6106	6106
12	#8494FF	203	943.5	1	6106	6106
12	#8494FF	204	944.5	1	6106	6106
12	#8494FF	205.5	943	1	6106	6106
12	#8494FF	204.5	942	1	6106	6106
12	#8494FF	206	940.5	1	6106	6106
12	#8494FF	207	940.5	1	6106	6106
12	#8494FF	207.5	940	1	6106	6106
12	#8494FF	206.5	939	1	6106	6106
12	#8494FF	206.5	934	1	6106	6106
12	#8494FF	205	932.5	1	6106	6106
12	#8494FF	203	934.5	1	6106	6106
12	#8494FF	202	934.5	1	6106	6106
12	#8494FF	201.5	934	1	6106	6106
12	#8494FF	201.5	933	1	6106	6106
12	#8494FF	202.5	932	1	6106	6106
12	#8494FF	202.5	931	1	6106	6106
12	#8494FF	202	930.5	1	6106	6106
12	#8494FF	200	932.5	1	6106	6106
12	#8494FF	199	932.5	1	6106	6106
12	#8494FF	198	931.5	1	6106	6106
12	#8494FF	197	931.5	1	6106	6106
12	#8494FF	195.5	933	1	6106	6106
12	#8494FF	195.5	934	1	6106	6106
12	#8494FF	196.5	935	1	6106	6106
12	#8494FF	196	935.5	1	6106	6106
12	#8494FF	195	935.5	1	6106	6106
12	#8494FF	192	938.5	1	6106	6106
12	#8494FF	190	938.5	1	6106	6106
12	#8494FF	189.5	939	1	6106	6106
12	#8494FF	189.5	940	1	6106	6106
12	#8494FF	190	940.5	1	6106	6106
12	#8494FF	191	939.5	1	6106	6106
12	#8494FF	191.5	940	1	6106	6106
12	#8494FF	191.5	941	1	6106	6106
12	#8494FF	191	941.5	1	6106	6106
12	#8494FF	189	941.5	1	6106	6106
12	#8494FF	188	942.5	1	6106	6106
12	#8494FF	187.5	942	1	6106	6106
12	#8494FF	187.5	941	1	6106	6106
12	#8494FF	187	940.5	1	6106	6106
12	#8494FF	186	940.5	1	6106	6106
12	#8494FF	185.5	941	1	6106	6106
12	#8494FF	186.5	942	1	6106	6106
12	#8494FF	186	942.5	1	6106	6106
12	#8494FF	185	942.5	1	6106	6106
12	#8494FF	184.5	943	1	6106	6106
12	#8494FF	185	943.5	1	6106	6106
12	#8494FF	188	943.5	1	6106	6106
12	#8494FF	188.5	944	1	6106	6106
12	#8494FF	188.5	945	1	6106	6106
12	#8494FF	188	945.5	1	6106	6106
12	#8494FF	187	944.5	1	6106	6106
12	#8494FF	186	944.5	1	6106	6106
12	#8494FF	184	946.5	1	6106	6106
5	#7CAE00	185	968.5	1	2982	2982
5	#7CAE00	184.5	969	1	2982	2982
5	#7CAE00	186	970.5	1	2982	2982
5	#7CAE00	187	969.5	1	2982	2982
5	#7CAE00	187.5	970	1	2982	2982
5	#7CAE00	187.5	972	1	2982	2982
5	#7CAE00	188	972.5	1	2982	2982
5	#7CAE00	189	972.5	1	2982	2982
5	#7CAE00	190.5	974	1	2982	2982
5	#7CAE00	190.5	976	1	2982	2982
5	#7CAE00	191	976.5	1	2982	2982
5	#7CAE00	191.5	976	1	2982	2982
5	#7CAE00	191.5	975	1	2982	2982
5	#7CAE00	192	974.5	1	2982	2982
5	#7CAE00	193	975.5	1	2982	2982
5	#7CAE00	193.5	975	1	2982	2982
5	#7CAE00	193.5	974	1	2982	2982
5	#7CAE00	194	973.5	1	2982	2982
5	#7CAE00	195	973.5	1	2982	2982
5	#7CAE00	195.5	974	1	2982	2982
5	#7CAE00	194.5	975	1	2982	2982
5	#7CAE00	194.5	977	1	2982	2982
5	#7CAE00	195	977.5	1	2982	2982
5	#7CAE00	195.5	977	1	2982	2982
5	#7CAE00	195.5	976	1	2982	2982
5	#7CAE00	196	975.5	1	2982	2982
5	#7CAE00	197	975.5	1	2982	2982
5	#7CAE00	198	974.5	1	2982	2982
5	#7CAE00	199	975.5	1	2982	2982
5	#7CAE00	199.5	975	1	2982	2982
5	#7CAE00	199.5	973	1	2982	2982
5	#7CAE00	199	972.5	1	2982	2982
5	#7CAE00	198	973.5	1	2982	2982
5	#7CAE00	197	973.5	1	2982	2982
5	#7CAE00	195	971.5	1	2982	2982
5	#7CAE00	194	972.5	1	2982	2982
5	#7CAE00	193	972.5	1	2982	2982
5	#7CAE00	191.5	971	1	2982	2982
5	#7CAE00	191.5	970	1	2982	2982
5	#7CAE00	190.5	969	1	2982	2982
5	#7CAE00	192.5	967	1	2982	2982
5	#7CAE00	191.5	966	1	2982	2982
5	#7CAE00	192.5	965	1	2982	2982
5	#7CAE00	192.5	964	1	2982	2982
5	#7CAE00	192	963.5	1	2982	2982
5	#7CAE00	190	963.5	1	2982	2982
5	#7CAE00	189	964.5	1	2982	2982
5	#7CAE00	188	964.5	1	2982	2982
5	#7CAE00	187.5	965	1	2982	2982
5	#7CAE00	187.5	967	1	2982	2982
5	#7CAE00	186	968.5	1	2982	2982
5	#7CAE00	185	968.5	1	2982	2982
13	#C77CFF	186	981.5	1	6209	6209
13	#C77CFF	185.5	982	1	6209	6209
13	#C77CFF	185.5	983	1	6209	6209
13	#C77CFF	186	983.5	1	6209	6209
13	#C77CFF	188	983.5	1	6209	6209
13	#C77CFF	189.5	985	1	6209	6209
13	#C77CFF	188.5	986	1	6209	6209
13	#C77CFF	190	987.5	1	6209	6209
13	#C77CFF	191	986.5	1	6209	6209
13	#C77CFF	193	986.5	1	6209	6209
13	#C77CFF	194	985.5	1	6209	6209
13	#C77CFF	195	986.5	1	6209	6209
13	#C77CFF	196.5	985	1	6209	6209
13	#C77CFF	194.5	983	1	6209	6209
13	#C77CFF	194.5	982	1	6209	6209
13	#C77CFF	194	981.5	1	6209	6209
13	#C77CFF	192	981.5	1	6209	6209
13	#C77CFF	191.5	981	1	6209	6209
13	#C77CFF	191.5	980	1	6209	6209
13	#C77CFF	192	979.5	1	6209	6209
13	#C77CFF	194	979.5	1	6209	6209
13	#C77CFF	194.5	979	1	6209	6209
13	#C77CFF	194	978.5	1	6209	6209
13	#C77CFF	193	978.5	1	6209	6209
13	#C77CFF	192	977.5	1	6209	6209
13	#C77CFF	191	977.5	1	6209	6209
13	#C77CFF	189	975.5	1	6209	6209
13	#C77CFF	188	975.5	1	6209	6209
13	#C77CFF	187.5	976	1	6209	6209
13	#C77CFF	187.5	978	1	6209	6209
13	#C77CFF	188	978.5	1	6209	6209
13	#C77CFF	189	977.5	1	6209	6209
13	#C77CFF	190.5	979	1	6209	6209
13	#C77CFF	190.5	980	1	6209	6209
13	#C77CFF	188	982.5	1	6209	6209
13	#C77CFF	187	981.5	1	6209	6209
13	#C77CFF	186	981.5	1	6209	6209
13	#C77CFF	190.5	988	2	6209	6209
13	#C77CFF	191	987.5	2	6209	6209
13	#C77CFF	191.5	988	2	6209	6209
13	#C77CFF	191	988.5	2	6209	6209
13	#C77CFF	190.5	988	2	6209	6209
4	#ABA300	192	917.5	1	712	712
4	#ABA300	191.5	918	1	712	712
4	#ABA300	193	919.5	1	712	712
4	#ABA300	195	919.5	1	712	712
4	#ABA300	195.5	920	1	712	712
4	#ABA300	195.5	921	1	712	712
4	#ABA300	196	921.5	1	712	712
4	#ABA300	196.5	921	1	712	712
4	#ABA300	196.5	920	1	712	712
4	#ABA300	197	919.5	1	712	712
4	#ABA300	198	920.5	1	712	712
4	#ABA300	199	920.5	1	712	712
4	#ABA300	200	921.5	1	712	712
4	#ABA300	201	921.5	1	712	712
4	#ABA300	202	922.5	1	712	712
4	#ABA300	203	921.5	1	712	712
4	#ABA300	204	922.5	1	712	712
4	#ABA300	205	922.5	1	712	712
4	#ABA300	206	923.5	1	712	712
4	#ABA300	207.5	922	1	712	712
4	#ABA300	207.5	921	1	712	712
4	#ABA300	208	920.5	1	712	712
4	#ABA300	209	921.5	1	712	712
4	#ABA300	210	920.5	1	712	712
4	#ABA300	210.5	921	1	712	712
4	#ABA300	210.5	924	1	712	712
4	#ABA300	211	924.5	1	712	712
4	#ABA300	212	923.5	1	712	712
4	#ABA300	213	924.5	1	712	712
4	#ABA300	214	924.5	1	712	712
4	#ABA300	214.5	924	1	712	712
4	#ABA300	214.5	922	1	712	712
4	#ABA300	215	921.5	1	712	712
4	#ABA300	215.5	922	1	712	712
4	#ABA300	215.5	923	1	712	712
4	#ABA300	216	923.5	1	712	712
4	#ABA300	217	922.5	1	712	712
4	#ABA300	218	922.5	1	712	712
4	#ABA300	218.5	922	1	712	712
4	#ABA300	217	920.5	1	712	712
4	#ABA300	215	920.5	1	712	712
4	#ABA300	214.5	920	1	712	712
4	#ABA300	214.5	917	1	712	712
4	#ABA300	215	916.5	1	712	712
4	#ABA300	215.5	917	1	712	712
4	#ABA300	215.5	919	1	712	712
4	#ABA300	216	919.5	1	712	712
4	#ABA300	216.5	919	1	712	712
4	#ABA300	216.5	917	1	712	712
4	#ABA300	217.5	916	1	712	712
4	#ABA300	216	914.5	1	712	712
4	#ABA300	215	914.5	1	712	712
4	#ABA300	214	915.5	1	712	712
4	#ABA300	213.5	915	1	712	712
4	#ABA300	213.5	914	1	712	712
4	#ABA300	214.5	913	1	712	712
4	#ABA300	214	912.5	1	712	712
4	#ABA300	213	912.5	1	712	712
4	#ABA300	212.5	912	1	712	712
4	#ABA300	212.5	911	1	712	712
4	#ABA300	206	904.5	1	712	712
4	#ABA300	205	904.5	1	712	712
4	#ABA300	204.5	905	1	712	712
4	#ABA300	204.5	910	1	712	712
4	#ABA300	205	910.5	1	712	712
4	#ABA300	207	908.5	1	712	712
4	#ABA300	207.5	909	1	712	712
4	#ABA300	207.5	912	1	712	712
4	#ABA300	206.5	913	1	712	712
4	#ABA300	207	913.5	1	712	712
4	#ABA300	208	913.5	1	712	712
4	#ABA300	208.5	914	1	712	712
4	#ABA300	206	916.5	1	712	712
4	#ABA300	202	916.5	1	712	712
4	#ABA300	201.5	916	1	712	712
4	#ABA300	202	915.5	1	712	712
4	#ABA300	204	915.5	1	712	712
4	#ABA300	204.5	915	1	712	712
4	#ABA300	203.5	914	1	712	712
4	#ABA300	203.5	913	1	712	712
4	#ABA300	204.5	912	1	712	712
4	#ABA300	203.5	911	1	712	712
4	#ABA300	203.5	909	1	712	712
4	#ABA300	202	907.5	1	712	712
4	#ABA300	192	917.5	1	712	712
4	#ABA300	217.5	917	2	712	712
4	#ABA300	218	916.5	2	712	712
4	#ABA300	218.5	917	2	712	712
4	#ABA300	218.5	918	2	712	712
4	#ABA300	218	918.5	2	712	712
4	#ABA300	217.5	918	2	712	712
4	#ABA300	217.5	917	2	712	712
4	#ABA300	219	919.5	3	712	712
4	#ABA300	218.5	920	3	712	712
4	#ABA300	219	920.5	3	712	712
4	#ABA300	220	920.5	3	712	712
4	#ABA300	221	921.5	3	712	712
4	#ABA300	222	921.5	3	712	712
4	#ABA300	222.5	921	3	712	712
4	#ABA300	220	918.5	3	712	712
4	#ABA300	219	919.5	3	712	712
4	#ABA300	224	923.5	4	712	712
4	#ABA300	223.5	924	4	712	712
4	#ABA300	224.5	925	4	712	712
4	#ABA300	224.5	926	4	712	712
4	#ABA300	225.5	927	4	712	712
4	#ABA300	225	927.5	4	712	712
4	#ABA300	224	927.5	4	712	712
4	#ABA300	223.5	928	4	712	712
4	#ABA300	224	928.5	4	712	712
4	#ABA300	225	928.5	4	712	712
4	#ABA300	226	929.5	4	712	712
4	#ABA300	227	929.5	4	712	712
4	#ABA300	227.5	930	4	712	712
4	#ABA300	227.5	931	4	712	712
4	#ABA300	228	931.5	4	712	712
4	#ABA300	228.5	931	4	712	712
4	#ABA300	228.5	930	4	712	712
4	#ABA300	229	929.5	4	712	712
4	#ABA300	230	929.5	4	712	712
4	#ABA300	230.5	929	4	712	712
4	#ABA300	229	927.5	4	712	712
4	#ABA300	228	928.5	4	712	712
4	#ABA300	227.5	928	4	712	712
4	#ABA300	227.5	926	4	712	712
4	#ABA300	227	925.5	4	712	712
4	#ABA300	226	925.5	4	712	712
4	#ABA300	225.5	925	4	712	712
4	#ABA300	225.5	924	4	712	712
4	#ABA300	225	923.5	4	712	712
4	#ABA300	224	923.5	4	712	712
8	#00C19A	195	987.5	1	4346	4346
8	#00C19A	194.5	988	1	4346	4346
8	#00C19A	195	988.5	1	4346	4346
8	#00C19A	196	988.5	1	4346	4346
8	#00C19A	197	989.5	1	4346	4346
8	#00C19A	198	988.5	1	4346	4346
8	#00C19A	200	988.5	1	4346	4346
8	#00C19A	200.5	989	1	4346	4346
8	#00C19A	198.5	991	1	4346	4346
8	#00C19A	198.5	992	1	4346	4346
8	#00C19A	199	992.5	1	4346	4346
8	#00C19A	200	991.5	1	4346	4346
8	#00C19A	201	992.5	1	4346	4346
8	#00C19A	202	991.5	1	4346	4346
8	#00C19A	203	991.5	1	4346	4346
8	#00C19A	204	992.5	1	4346	4346
8	#00C19A	205	992.5	1	4346	4346
8	#00C19A	205.5	993	1	4346	4346
8	#00C19A	205	993.5	1	4346	4346
8	#00C19A	204	993.5	1	4346	4346
8	#00C19A	203.5	994	1	4346	4346
8	#00C19A	205.5	996	1	4346	4346
8	#00C19A	205	996.5	1	4346	4346
8	#00C19A	204	996.5	1	4346	4346
8	#00C19A	203.5	997	1	4346	4346
8	#00C19A	203.5	998	1	4346	4346
8	#00C19A	203	998.5	1	4346	4346
8	#00C19A	202	998.5	1	4346	4346
8	#00C19A	201.5	999	1	4346	4346
8	#00C19A	203	1000.5	1	4346	4346
8	#00C19A	205	998.5	1	4346	4346
8	#00C19A	206	999.5	1	4346	4346
8	#00C19A	206.5	999	1	4346	4346
8	#00C19A	206.5	998	1	4346	4346
8	#00C19A	207	997.5	1	4346	4346
8	#00C19A	210	1000.5	1	4346	4346
8	#00C19A	212.5	998	1	4346	4346
8	#00C19A	212.5	994	1	4346	4346
8	#00C19A	211.5	993	1	4346	4346
8	#00C19A	212	992.5	1	4346	4346
8	#00C19A	213	992.5	1	4346	4346
8	#00C19A	213.5	992	1	4346	4346
8	#00C19A	213	991.5	1	4346	4346
8	#00C19A	212	991.5	1	4346	4346
8	#00C19A	211	990.5	1	4346	4346
8	#00C19A	210	990.5	1	4346	4346
8	#00C19A	209.5	990	1	4346	4346
8	#00C19A	209.5	989	1	4346	4346
8	#00C19A	209	988.5	1	4346	4346
8	#00C19A	208	988.5	1	4346	4346
8	#00C19A	207.5	989	1	4346	4346
8	#00C19A	207.5	990	1	4346	4346
8	#00C19A	208.5	991	1	4346	4346
8	#00C19A	208.5	992	1	4346	4346
8	#00C19A	208	992.5	1	4346	4346
8	#00C19A	206.5	991	1	4346	4346
8	#00C19A	206.5	988	1	4346	4346
8	#00C19A	206	987.5	1	4346	4346
8	#00C19A	204.5	989	1	4346	4346
8	#00C19A	204.5	990	1	4346	4346
8	#00C19A	204	990.5	1	4346	4346
8	#00C19A	202.5	989	1	4346	4346
8	#00C19A	202.5	988	1	4346	4346
8	#00C19A	202	987.5	1	4346	4346
8	#00C19A	199	987.5	1	4346	4346
8	#00C19A	198	986.5	1	4346	4346
8	#00C19A	197	987.5	1	4346	4346
8	#00C19A	195	987.5	1	4346	4346
11	#00A9FF	199	970.5	1	5051	5051
11	#00A9FF	198.5	971	1	5051	5051
11	#00A9FF	199	971.5	1	5051	5051
11	#00A9FF	200	971.5	1	5051	5051
11	#00A9FF	200.5	972	1	5051	5051
11	#00A9FF	200.5	974	1	5051	5051
11	#00A9FF	203	976.5	1	5051	5051
11	#00A9FF	204.5	975	1	5051	5051
11	#00A9FF	204.5	974	1	5051	5051
11	#00A9FF	203.5	973	1	5051	5051
11	#00A9FF	204	972.5	1	5051	5051
11	#00A9FF	205	972.5	1	5051	5051
11	#00A9FF	205.5	973	1	5051	5051
11	#00A9FF	205.5	974	1	5051	5051
11	#00A9FF	206	974.5	1	5051	5051
11	#00A9FF	206.5	974	1	5051	5051
11	#00A9FF	206.5	973	1	5051	5051
11	#00A9FF	207	972.5	1	5051	5051
11	#00A9FF	208	972.5	1	5051	5051
11	#00A9FF	208.5	972	1	5051	5051
11	#00A9FF	208.5	971	1	5051	5051
11	#00A9FF	209	970.5	1	5051	5051
11	#00A9FF	211	972.5	1	5051	5051
11	#00A9FF	212	972.5	1	5051	5051
11	#00A9FF	212.5	972	1	5051	5051
11	#00A9FF	212.5	971	1	5051	5051
11	#00A9FF	213	970.5	1	5051	5051
11	#00A9FF	213.5	971	1	5051	5051
11	#00A9FF	213.5	974	1	5051	5051
11	#00A9FF	214	974.5	1	5051	5051
11	#00A9FF	214.5	974	1	5051	5051
11	#00A9FF	214.5	973	1	5051	5051
11	#00A9FF	215	972.5	1	5051	5051
11	#00A9FF	216	973.5	1	5051	5051
11	#00A9FF	217	973.5	1	5051	5051
11	#00A9FF	217.5	973	1	5051	5051
11	#00A9FF	216	971.5	1	5051	5051
11	#00A9FF	215	971.5	1	5051	5051
11	#00A9FF	214.5	971	1	5051	5051
11	#00A9FF	214.5	970	1	5051	5051
11	#00A9FF	213.5	969	1	5051	5051
11	#00A9FF	213.5	967	1	5051	5051
11	#00A9FF	214	966.5	1	5051	5051
11	#00A9FF	215.5	968	1	5051	5051
11	#00A9FF	215.5	970	1	5051	5051
11	#00A9FF	216	970.5	1	5051	5051
11	#00A9FF	216.5	970	1	5051	5051
11	#00A9FF	216.5	966	1	5051	5051
11	#00A9FF	216	965.5	1	5051	5051
11	#00A9FF	214	965.5	1	5051	5051
11	#00A9FF	213	964.5	1	5051	5051
11	#00A9FF	212.5	965	1	5051	5051
11	#00A9FF	212.5	966	1	5051	5051
11	#00A9FF	212	966.5	1	5051	5051
11	#00A9FF	211	966.5	1	5051	5051
11	#00A9FF	210.5	966	1	5051	5051
11	#00A9FF	210.5	965	1	5051	5051
11	#00A9FF	209	963.5	1	5051	5051
11	#00A9FF	208	964.5	1	5051	5051
11	#00A9FF	207	964.5	1	5051	5051
11	#00A9FF	205.5	966	1	5051	5051
11	#00A9FF	205.5	967	1	5051	5051
11	#00A9FF	204.5	968	1	5051	5051
11	#00A9FF	204.5	969	1	5051	5051
11	#00A9FF	203.5	970	1	5051	5051
11	#00A9FF	203.5	971	1	5051	5051
11	#00A9FF	202.5	972	1	5051	5051
11	#00A9FF	202.5	973	1	5051	5051
11	#00A9FF	202	973.5	1	5051	5051
11	#00A9FF	201.5	973	1	5051	5051
11	#00A9FF	201.5	970	1	5051	5051
11	#00A9FF	201	969.5	1	5051	5051
11	#00A9FF	200	969.5	1	5051	5051
11	#00A9FF	199	970.5	1	5051	5051
7	#00BE67	206	979.5	1	4137	4137
7	#00BE67	205.5	980	1	4137	4137
7	#00BE67	207.5	982	1	4137	4137
7	#00BE67	207	982.5	1	4137	4137
7	#00BE67	206	982.5	1	4137	4137
7	#00BE67	205.5	983	1	4137	4137
7	#00BE67	205.5	984	1	4137	4137
7	#00BE67	206	984.5	1	4137	4137
7	#00BE67	207	983.5	1	4137	4137
7	#00BE67	207.5	984	1	4137	4137
7	#00BE67	207.5	986	1	4137	4137
7	#00BE67	209	987.5	1	4137	4137
7	#00BE67	210	986.5	1	4137	4137
7	#00BE67	210.5	987	1	4137	4137
7	#00BE67	210.5	988	1	4137	4137
7	#00BE67	212	989.5	1	4137	4137
7	#00BE67	213	988.5	1	4137	4137
7	#00BE67	214	988.5	1	4137	4137
7	#00BE67	214.5	989	1	4137	4137
7	#00BE67	213.5	990	1	4137	4137
7	#00BE67	214.5	991	1	4137	4137
7	#00BE67	214.5	992	1	4137	4137
7	#00BE67	216	993.5	1	4137	4137
7	#00BE67	218	991.5	1	4137	4137
7	#00BE67	219	991.5	1	4137	4137
7	#00BE67	219.5	991	1	4137	4137
7	#00BE67	218.5	990	1	4137	4137
7	#00BE67	218.5	989	1	4137	4137
7	#00BE67	218	988.5	1	4137	4137
7	#00BE67	217	989.5	1	4137	4137
7	#00BE67	216.5	989	1	4137	4137
7	#00BE67	216.5	988	1	4137	4137
7	#00BE67	217	987.5	1	4137	4137
7	#00BE67	218	987.5	1	4137	4137
7	#00BE67	220	985.5	1	4137	4137
7	#00BE67	221	986.5	1	4137	4137
7	#00BE67	222	986.5	1	4137	4137
7	#00BE67	222.5	986	1	4137	4137
7	#00BE67	220.5	984	1	4137	4137
7	#00BE67	221.5	983	1	4137	4137
7	#00BE67	221	982.5	1	4137	4137
7	#00BE67	220	982.5	1	4137	4137
7	#00BE67	219.5	982	1	4137	4137
7	#00BE67	220.5	981	1	4137	4137
7	#00BE67	220.5	980	1	4137	4137
7	#00BE67	222.5	978	1	4137	4137
7	#00BE67	222	977.5	1	4137	4137
7	#00BE67	221	977.5	1	4137	4137
7	#00BE67	220	978.5	1	4137	4137
7	#00BE67	219.5	978	1	4137	4137
7	#00BE67	219.5	976	1	4137	4137
7	#00BE67	220	975.5	1	4137	4137
7	#00BE67	221	975.5	1	4137	4137
7	#00BE67	222	976.5	1	4137	4137
7	#00BE67	222.5	976	1	4137	4137
7	#00BE67	222.5	975	1	4137	4137
7	#00BE67	223	974.5	1	4137	4137
7	#00BE67	225	974.5	1	4137	4137
7	#00BE67	225.5	974	1	4137	4137
7	#00BE67	225.5	973	1	4137	4137
7	#00BE67	225	972.5	1	4137	4137
7	#00BE67	224	973.5	1	4137	4137
7	#00BE67	222	971.5	1	4137	4137
7	#00BE67	221	972.5	1	4137	4137
7	#00BE67	220.5	972	1	4137	4137
7	#00BE67	220.5	970	1	4137	4137
7	#00BE67	220	969.5	1	4137	4137
7	#00BE67	219	969.5	1	4137	4137
7	#00BE67	218	968.5	1	4137	4137
7	#00BE67	217.5	969	1	4137	4137
7	#00BE67	217.5	970	1	4137	4137
7	#00BE67	219.5	972	1	4137	4137
7	#00BE67	219.5	973	1	4137	4137
7	#00BE67	218.5	974	1	4137	4137
7	#00BE67	218.5	977	1	4137	4137
7	#00BE67	217	978.5	1	4137	4137
7	#00BE67	216	977.5	1	4137	4137
7	#00BE67	215	977.5	1	4137	4137
7	#00BE67	214	978.5	1	4137	4137
7	#00BE67	213	978.5	1	4137	4137
7	#00BE67	212.5	979	1	4137	4137
7	#00BE67	213.5	980	1	4137	4137
7	#00BE67	213	980.5	1	4137	4137
7	#00BE67	212	980.5	1	4137	4137
7	#00BE67	211.5	981	1	4137	4137
7	#00BE67	211.5	983	1	4137	4137
7	#00BE67	211	983.5	1	4137	4137
7	#00BE67	210	983.5	1	4137	4137
7	#00BE67	209.5	984	1	4137	4137
7	#00BE67	209.5	985	1	4137	4137
7	#00BE67	209	985.5	1	4137	4137
7	#00BE67	208.5	985	1	4137	4137
7	#00BE67	208.5	981	1	4137	4137
7	#00BE67	207.5	980	1	4137	4137
7	#00BE67	207.5	979	1	4137	4137
7	#00BE67	207	978.5	1	4137	4137
7	#00BE67	206	979.5	1	4137	4137
10	#00B8E7	207	942.5	1	4931	4931
10	#00B8E7	206.5	943	1	4931	4931
10	#00B8E7	208	944.5	1	4931	4931
10	#00B8E7	209.5	943	1	4931	4931
10	#00B8E7	209.5	942	1	4931	4931
10	#00B8E7	210	941.5	1	4931	4931
10	#00B8E7	210.5	942	1	4931	4931
10	#00B8E7	210.5	944	1	4931	4931
10	#00B8E7	211	944.5	1	4931	4931
10	#00B8E7	212	944.5	1	4931	4931
10	#00B8E7	212.5	944	1	4931	4931
10	#00B8E7	212.5	943	1	4931	4931
10	#00B8E7	213	942.5	1	4931	4931
10	#00B8E7	213.5	943	1	4931	4931
10	#00B8E7	213.5	944	1	4931	4931
10	#00B8E7	214	944.5	1	4931	4931
10	#00B8E7	215	944.5	1	4931	4931
10	#00B8E7	215.5	944	1	4931	4931
10	#00B8E7	215.5	942	1	4931	4931
10	#00B8E7	216	941.5	1	4931	4931
10	#00B8E7	217	941.5	1	4931	4931
10	#00B8E7	218.5	943	1	4931	4931
10	#00B8E7	218.5	945	1	4931	4931
10	#00B8E7	217.5	946	1	4931	4931
10	#00B8E7	218.5	947	1	4931	4931
10	#00B8E7	217	948.5	1	4931	4931
10	#00B8E7	216.5	948	1	4931	4931
10	#00B8E7	216.5	947	1	4931	4931
10	#00B8E7	216	946.5	1	4931	4931
10	#00B8E7	215	946.5	1	4931	4931
10	#00B8E7	214	945.5	1	4931	4931
10	#00B8E7	213	946.5	1	4931	4931
10	#00B8E7	212	945.5	1	4931	4931
10	#00B8E7	211.5	946	1	4931	4931
10	#00B8E7	211.5	948	1	4931	4931
10	#00B8E7	211	948.5	1	4931	4931
10	#00B8E7	209.5	947	1	4931	4931
10	#00B8E7	209.5	946	1	4931	4931
10	#00B8E7	209	945.5	1	4931	4931
10	#00B8E7	208.5	946	1	4931	4931
10	#00B8E7	208.5	949	1	4931	4931
10	#00B8E7	209	949.5	1	4931	4931
10	#00B8E7	214	949.5	1	4931	4931
10	#00B8E7	214.5	950	1	4931	4931
10	#00B8E7	214	950.5	1	4931	4931
10	#00B8E7	212	950.5	1	4931	4931
10	#00B8E7	211.5	951	1	4931	4931
10	#00B8E7	212	951.5	1	4931	4931
10	#00B8E7	213	951.5	1	4931	4931
10	#00B8E7	213.5	952	1	4931	4931
10	#00B8E7	213.5	954	1	4931	4931
10	#00B8E7	215	955.5	1	4931	4931
10	#00B8E7	215.5	955	1	4931	4931
10	#00B8E7	215.5	954	1	4931	4931
10	#00B8E7	214.5	953	1	4931	4931
10	#00B8E7	214.5	952	1	4931	4931
10	#00B8E7	217	949.5	1	4931	4931
10	#00B8E7	217.5	950	1	4931	4931
10	#00B8E7	217.5	951	1	4931	4931
10	#00B8E7	218	951.5	1	4931	4931
10	#00B8E7	220	951.5	1	4931	4931
10	#00B8E7	221	952.5	1	4931	4931
10	#00B8E7	221.5	952	1	4931	4931
10	#00B8E7	221.5	951	1	4931	4931
10	#00B8E7	222	950.5	1	4931	4931
10	#00B8E7	223	951.5	1	4931	4931
10	#00B8E7	223.5	951	1	4931	4931
10	#00B8E7	223.5	950	1	4931	4931
10	#00B8E7	224.5	949	1	4931	4931
10	#00B8E7	224	948.5	1	4931	4931
10	#00B8E7	223	948.5	1	4931	4931
10	#00B8E7	222.5	948	1	4931	4931
10	#00B8E7	223.5	947	1	4931	4931
10	#00B8E7	223	946.5	1	4931	4931
10	#00B8E7	222	946.5	1	4931	4931
10	#00B8E7	221.5	946	1	4931	4931
10	#00B8E7	221.5	945	1	4931	4931
10	#00B8E7	219.5	943	1	4931	4931
10	#00B8E7	219.5	942	1	4931	4931
10	#00B8E7	220	941.5	1	4931	4931
10	#00B8E7	221	941.5	1	4931	4931
10	#00B8E7	221.5	941	1	4931	4931
10	#00B8E7	221.5	940	1	4931	4931
10	#00B8E7	222	939.5	1	4931	4931
10	#00B8E7	223.5	941	1	4931	4931
10	#00B8E7	222.5	942	1	4931	4931
10	#00B8E7	223.5	943	1	4931	4931
10	#00B8E7	222.5	944	1	4931	4931
10	#00B8E7	224	945.5	1	4931	4931
10	#00B8E7	224.5	945	1	4931	4931
10	#00B8E7	224.5	941	1	4931	4931
10	#00B8E7	225	940.5	1	4931	4931
10	#00B8E7	226	940.5	1	4931	4931
10	#00B8E7	227.5	942	1	4931	4931
10	#00B8E7	227.5	943	1	4931	4931
10	#00B8E7	226.5	944	1	4931	4931
10	#00B8E7	228.5	946	1	4931	4931
10	#00B8E7	227.5	947	1	4931	4931
10	#00B8E7	229	948.5	1	4931	4931
10	#00B8E7	230	947.5	1	4931	4931
10	#00B8E7	231	947.5	1	4931	4931
10	#00B8E7	232	946.5	1	4931	4931
10	#00B8E7	233	946.5	1	4931	4931
10	#00B8E7	233.5	946	1	4931	4931
10	#00B8E7	233	945.5	1	4931	4931
10	#00B8E7	232	945.5	1	4931	4931
10	#00B8E7	231.5	945	1	4931	4931
10	#00B8E7	232	944.5	1	4931	4931
10	#00B8E7	235	944.5	1	4931	4931
10	#00B8E7	235.5	944	1	4931	4931
10	#00B8E7	235.5	942	1	4931	4931
10	#00B8E7	235	941.5	1	4931	4931
10	#00B8E7	234.5	942	1	4931	4931
10	#00B8E7	234.5	943	1	4931	4931
10	#00B8E7	234	943.5	1	4931	4931
10	#00B8E7	233	943.5	1	4931	4931
10	#00B8E7	232.5	943	1	4931	4931
10	#00B8E7	232.5	941	1	4931	4931
10	#00B8E7	233.5	940	1	4931	4931
10	#00B8E7	233.5	939	1	4931	4931
10	#00B8E7	232	937.5	1	4931	4931
10	#00B8E7	229	937.5	1	4931	4931
10	#00B8E7	228.5	937	1	4931	4931
10	#00B8E7	230	935.5	1	4931	4931
10	#00B8E7	231	936.5	1	4931	4931
10	#00B8E7	232.5	935	1	4931	4931
10	#00B8E7	232.5	934	1	4931	4931
10	#00B8E7	231	932.5	1	4931	4931
10	#00B8E7	230	932.5	1	4931	4931
10	#00B8E7	229	931.5	1	4931	4931
10	#00B8E7	228.5	932	1	4931	4931
10	#00B8E7	228.5	934	1	4931	4931
10	#00B8E7	228	934.5	1	4931	4931
10	#00B8E7	227	933.5	1	4931	4931
10	#00B8E7	223	933.5	1	4931	4931
10	#00B8E7	222	932.5	1	4931	4931
10	#00B8E7	221.5	933	1	4931	4931
10	#00B8E7	221.5	935	1	4931	4931
10	#00B8E7	222	935.5	1	4931	4931
10	#00B8E7	223	934.5	1	4931	4931
10	#00B8E7	225	934.5	1	4931	4931
10	#00B8E7	227.5	937	1	4931	4931
10	#00B8E7	226	938.5	1	4931	4931
10	#00B8E7	225	938.5	1	4931	4931
10	#00B8E7	224	937.5	1	4931	4931
10	#00B8E7	221	937.5	1	4931	4931
10	#00B8E7	220	938.5	1	4931	4931
10	#00B8E7	219	937.5	1	4931	4931
10	#00B8E7	218	937.5	1	4931	4931
10	#00B8E7	217.5	937	1	4931	4931
10	#00B8E7	217.5	936	1	4931	4931
10	#00B8E7	217	935.5	1	4931	4931
10	#00B8E7	216.5	936	1	4931	4931
10	#00B8E7	216.5	937	1	4931	4931
10	#00B8E7	216	937.5	1	4931	4931
10	#00B8E7	215	937.5	1	4931	4931
10	#00B8E7	214	936.5	1	4931	4931
10	#00B8E7	213	936.5	1	4931	4931
10	#00B8E7	212.5	936	1	4931	4931
10	#00B8E7	213	935.5	1	4931	4931
10	#00B8E7	214	935.5	1	4931	4931
10	#00B8E7	214.5	935	1	4931	4931
10	#00B8E7	214	934.5	1	4931	4931
10	#00B8E7	213	934.5	1	4931	4931
10	#00B8E7	212.5	934	1	4931	4931
10	#00B8E7	213	933.5	1	4931	4931
10	#00B8E7	214	933.5	1	4931	4931
10	#00B8E7	214.5	933	1	4931	4931
10	#00B8E7	214	932.5	1	4931	4931
10	#00B8E7	212	932.5	1	4931	4931
10	#00B8E7	210.5	934	1	4931	4931
10	#00B8E7	210.5	935	1	4931	4931
10	#00B8E7	210	935.5	1	4931	4931
10	#00B8E7	208	935.5	1	4931	4931
10	#00B8E7	207.5	936	1	4931	4931
10	#00B8E7	209.5	938	1	4931	4931
10	#00B8E7	208.5	939	1	4931	4931
10	#00B8E7	208.5	940	1	4931	4931
10	#00B8E7	207.5	941	1	4931	4931
10	#00B8E7	207.5	942	1	4931	4931
10	#00B8E7	207	942.5	1	4931	4931
16	#FF68A1	213	911.5	1	6882	6882
16	#FF68A1	212.5	912	1	6882	6882
16	#FF68A1	213	912.5	1	6882	6882
16	#FF68A1	213.5	912	1	6882	6882
16	#FF68A1	213	911.5	1	6882	6882
16	#FF68A1	214	913.5	2	6882	6882
16	#FF68A1	213.5	914	2	6882	6882
16	#FF68A1	213.5	915	2	6882	6882
16	#FF68A1	214	915.5	2	6882	6882
16	#FF68A1	215.5	914	2	6882	6882
16	#FF68A1	215	913.5	2	6882	6882
16	#FF68A1	214	913.5	2	6882	6882
3	#CD9600	234	951.5	1	430	430
3	#CD9600	233.5	952	1	430	430
3	#CD9600	235	953.5	1	430	430
3	#CD9600	236	952.5	1	430	430
3	#CD9600	237	953.5	1	430	430
3	#CD9600	238.5	952	1	430	430
3	#CD9600	238.5	951	1	430	430
3	#CD9600	239	950.5	1	430	430
3	#CD9600	242	950.5	1	430	430
3	#CD9600	243.5	952	1	430	430
3	#CD9600	243.5	953	1	430	430
3	#CD9600	244	953.5	1	430	430
3	#CD9600	245	952.5	1	430	430
3	#CD9600	246	952.5	1	430	430
3	#CD9600	246.5	953	1	430	430
3	#CD9600	245.5	954	1	430	430
3	#CD9600	247	955.5	1	430	430
3	#CD9600	248.5	954	1	430	430
3	#CD9600	248.5	952	1	430	430
3	#CD9600	249.5	951	1	430	430
3	#CD9600	249	950.5	1	430	430
3	#CD9600	247	950.5	1	430	430
3	#CD9600	246	949.5	1	430	430
3	#CD9600	245	949.5	1	430	430
3	#CD9600	244.5	949	1	430	430
3	#CD9600	245	948.5	1	430	430
3	#CD9600	247	948.5	1	430	430
3	#CD9600	248	949.5	1	430	430
3	#CD9600	249.5	948	1	430	430
3	#CD9600	248	946.5	1	430	430
3	#CD9600	247	946.5	1	430	430
3	#CD9600	246	947.5	1	430	430
3	#CD9600	244	947.5	1	430	430
3	#CD9600	243	946.5	1	430	430
3	#CD9600	241.5	948	1	430	430
3	#CD9600	241.5	949	1	430	430
3	#CD9600	241	949.5	1	430	430
3	#CD9600	238	949.5	1	430	430
3	#CD9600	236	951.5	1	430	430
3	#CD9600	235.5	951	1	430	430
3	#CD9600	235.5	950	1	430	430
3	#CD9600	235	949.5	1	430	430
3	#CD9600	234.5	950	1	430	430
3	#CD9600	234.5	951	1	430	430
3	#CD9600	234	951.5	1	430	430
3	#CD9600	249.5	949	2	430	430
3	#CD9600	250	948.5	2	430	430
3	#CD9600	250.5	949	2	430	430
3	#CD9600	250	949.5	2	430	430
3	#CD9600	249.5	949	2	430	430
9	#00BFC4	238	955.5	1	4347	4347
9	#00BFC4	237.5	956	1	4347	4347
9	#00BFC4	239	957.5	1	4347	4347
9	#00BFC4	241	957.5	1	4347	4347
9	#00BFC4	241.5	958	1	4347	4347
9	#00BFC4	241.5	961	1	4347	4347
9	#00BFC4	242	961.5	1	4347	4347
9	#00BFC4	242.5	961	1	4347	4347
9	#00BFC4	242.5	960	1	4347	4347
9	#00BFC4	244	958.5	1	4347	4347
9	#00BFC4	246	958.5	1	4347	4347
9	#00BFC4	247	957.5	1	4347	4347
9	#00BFC4	248.5	959	1	4347	4347
9	#00BFC4	248.5	961	1	4347	4347
9	#00BFC4	249	961.5	1	4347	4347
9	#00BFC4	255.5	955	1	4347	4347
9	#00BFC4	255.5	954	1	4347	4347
9	#00BFC4	254	952.5	1	4347	4347
9	#00BFC4	253	953.5	1	4347	4347
9	#00BFC4	252	952.5	1	4347	4347
9	#00BFC4	251.5	953	1	4347	4347
9	#00BFC4	251.5	955	1	4347	4347
9	#00BFC4	249	957.5	1	4347	4347
9	#00BFC4	248	956.5	1	4347	4347
9	#00BFC4	247	956.5	1	4347	4347
9	#00BFC4	246	955.5	1	4347	4347
9	#00BFC4	245	955.5	1	4347	4347
9	#00BFC4	243	957.5	1	4347	4347
9	#00BFC4	240	954.5	1	4347	4347
9	#00BFC4	239	954.5	1	4347	4347
9	#00BFC4	238	955.5	1	4347	4347
